Source_Origin,Metal,Duration_days,Results,References,Species
ECOTOX,Ag,2,1,1,1
ECOTOX,Ag,4,17,6,4
WoS_supplemental,Ag,4,1,1,1
ECOTOX,Cd,1,3,1,3
ECOTOX,Cd,2,7,3,2
WoS_supplemental,Cd,2,2,2,1
ECOTOX,Cd,3,2,1,2
WoS_supplemental,Cd,3,6,2,2
ECOTOX,Cd,4,30,14,11
WoS_supplemental,Cd,4,7,3,3
ECOTOX,Cu,1,9,2,9
ECOTOX,Cu,2,27,9,7
WoS_supplemental,Cu,2,3,3,3
ECOTOX,Cu,3,5,5,4
WoS_supplemental,Cu,3,2,1,1
ECOTOX,Cu,4,64,25,16
WoS_supplemental,Cu,4,3,2,2
ECOTOX,Hg,1,7,2,3
WoS_supplemental,Hg,1,2,2,2
ECOTOX,Hg,2,7,3,3
WoS_supplemental,Hg,2,4,3,3
ECOTOX,Hg,3,3,1,1
WoS_supplemental,Hg,3,2,2,2
ECOTOX,Hg,4,8,3,5
WoS_supplemental,Hg,4,4,3,3
WoS_supplemental,Ni,1,1,1,1
ECOTOX,Ni,2,1,1,1
WoS_supplemental,Ni,2,4,2,4
ECOTOX,Ni,3,5,2,3
WoS_supplemental,Ni,3,2,2,2
ECOTOX,Ni,4,7,4,4
WoS_supplemental,Ni,4,5,3,4
ECOTOX,Pb,4,4,3,3
ECOTOX,Zn,1,3,1,3
WoS_supplemental,Zn,1,2,1,2
ECOTOX,Zn,2,12,1,2
WoS_supplemental,Zn,2,2,1,2
ECOTOX,Zn,3,2,1,2
WoS_supplemental,Zn,3,1,1,1
ECOTOX,Zn,4,23,11,9
WoS_supplemental,Zn,4,4,2,2
