Comparison,Species,Matched_contexts,References,mean_ln_ratio,geometric_mean_ratio,First_metal_lower
Cd-Zn,Acartia simplex,1,1,-0.8477378314523953,0.42838291101766474,TRUE
Cd-Zn,Nitocra spinipes,3,2,-1.0705009824379588,0.3428367192129448,TRUE
Cd-Zn,Paracalanus parvus,1,1,0.13289305215517772,1.1421278436875288,FALSE
Cd-Zn,Scutellidium sp.,1,1,-1.0436652237700368,0.35216156269020654,TRUE
Cd-Zn,Tigriopus japonicus,1,1,0.6307481772545129,1.8790158904379552,FALSE
Cu-Cd,Acartia simplex,1,1,-1.3538242205003377,0.25825076196311386,TRUE
Cu-Cd,Acartia tonsa,4,1,-0.8073419473369201,0.4460420952992562,TRUE
Cu-Cd,Eurytemora affinis,2,1,0.7419186915696254,2.099960828729856,FALSE
Cu-Cd,Nitocra spinipes,1,1,0.5704244317737958,1.769017719447329,FALSE
Cu-Cd,Paracalanus parvus,1,1,-2.087255409939465,0.12402707258117802,TRUE
Cu-Cd,Paracyclopina nana,1,1,1.5512536847855223,4.717380585192879,FALSE
Cu-Cd,Scutellidium sp.,1,1,-0.7288585523564649,0.48245937803108985,TRUE
Cu-Cd,Tigriopus fulvus,1,1,-1.6506676269690672,0.19192173371362528,TRUE
Cu-Cd,Tigriopus japonicus,1,1,-1.2954430096079816,0.2737765518192294,TRUE
Cu-Cd,Tisbe battagliai,2,1,-1.0915516728539387,0.3356952002434528,TRUE
Cu-Cd,Tisbe holothuriae,6,2,-0.36920408938089383,0.6912843122651658,TRUE
Cu-Zn,Acartia simplex,1,1,-2.2015620519527332,0.1106302131822887,TRUE
Cu-Zn,Nitocra spinipes,2,2,0.5657994829339599,1.7608549936428983,FALSE
Cu-Zn,Paracalanus parvus,1,1,-1.954362357784287,0.14165477296601753,TRUE
Cu-Zn,Scutellidium sp.,1,1,-1.7725237761265018,0.1699036485019737,TRUE
Cu-Zn,Tigriopus japonicus,1,1,-0.6646948323534686,0.5144304912976423,TRUE
