Reference_ID,Source_Context_ID,Source_Origin,Species,Duration_days,Lifestage,Biological_Context,Comparison,Metal_A,Metal_B,LC50_A,LC50_B,LC50_ratio,ln_ratio,Analysis_Role
E_11097,11097_COPEPODID_10D,ECOTOX,Tisbe holothuriae,2,Copepodid,Copepodid,Cu-Cd,Cu,Cd,8.32310452270796,8.060383937943671,1.0325940534330567,0.03207413461771534,CORE
E_11097,11097_NAUPLIUS_1D,ECOTOX,Tisbe holothuriae,2,Nauplii,Nauplii,Cu-Cd,Cu,Cd,4.944449689988355,4.7894390378422615,1.032365095561573,0.03185237926479874,CORE
E_11097,11097_NAUPLIUS_5D,ECOTOX,Tisbe holothuriae,2,Nauplii,Nauplii,Cu-Cd,Cu,Cd,5.374059736254052,5.737719501129751,0.9366194592112608,-0.06547820601113147,CORE
E_11097,11097_OVIG_BAND,ECOTOX,Tisbe holothuriae,2,,,Cu-Cd,Cu,Cd,7.038995373430272,8.153788674008576,0.8632791031079976,-0.14701722986242513,CORE
E_11097,11097_OVIG_SAC,ECOTOX,Tisbe holothuriae,2,,,Cu-Cd,Cu,Cd,6.7368520441884625,7.7632679203657915,0.867785591492382,-0.14181060924456923,CORE
E_111315,111315_ADULT_96H,ECOTOX,Tigriopus japonicus,4,Adult,Adult,Cu-Cd,Cu,Cd,61.372863752242445,224.17136655576715,0.2737765518192294,-1.2954430096079816,CORE
E_14137,14137_ADULT_96H,ECOTOX,Tisbe battagliai,4,Adult,Adult,Cu-Cd,Cu,Cd,1.3848235923582917,3.024534310673048,0.45786340973930884,-0.7811843713582046,CORE
E_14137,14137_NAUPLII_96H,ECOTOX,Tisbe battagliai,4,Nauplii,Nauplii,Cu-Cd,Cu,Cd,1.0071444308060302,4.092017008557653,0.24612420444484584,-1.401918974349673,CORE
E_153073,153073_ADULT_96H,ECOTOX,Paracyclopina nana,4,Adult,Adult,Cu-Cd,Cu,Cd,12.589305385075379,2.6687067447115127,4.717380585192879,1.5512536847855223,CORE
E_15726,15726_ADULT_48H,ECOTOX,Tisbe holothuriae,2,Adult,Adult,Cu-Cd,Cu,Cd,1.2589305385075378,8.628818474567225,0.1458983686142127,-1.9248450050497512,CORE
E_166028,166028_NAUPLII_48H,ECOTOX,Tigriopus fulvus,2,Nauplii,Nauplii,Cu-Cd,Cu,Cd,3.6194252982091712,18.858860995961365,0.19192173371362528,-1.6506676269690672,CORE
E_2183,2183_NITROCA_ADULT_96H,ECOTOX,Nitocra spinipes,4,Adult,Adult,Cu-Cd,Cu,Cd,28.325937116419603,16.01224046826908,1.769017719447329,0.5704244317737958,CORE
E_5563,5563_ACARTIA_SIMPLEX_24H,ECOTOX,Acartia simplex,1,Multiple,Multiple,Cu-Cd,Cu,Cd,3.1473263462688448,12.187094134182573,0.25825076196311386,-1.3538242205003377,CORE
E_5563,5563_PARACALANUS_PARVUS_24H,ECOTOX,Paracalanus parvus,1,Multiple,Multiple,Cu-Cd,Cu,Cd,2.9899600289554025,24.107317593894006,0.12402707258117805,-2.087255409939465,CORE
E_5563,5563_SCUTELLIDIUM_SP_24H,ECOTOX,Scutellidium sp.,1,Multiple,Multiple,Cu-Cd,Cu,Cd,2.83259371164196,5.871154838365328,0.48245937803108985,-0.7288585523564649,CORE
E_8445,8445_BAY,ECOTOX,Acartia tonsa,4,Adult,Adult,Cu-Cd,Cu,Cd,0.2675227394328518,1.0852740761826818,0.24650246910331644,-1.4003832689032443,CORE
E_8445,8445_F1,ECOTOX,Acartia tonsa,4,,,Cu-Cd,Cu,Cd,0.4878355836716709,0.8006120234134538,0.6093283255874135,-0.49539803407132293,CORE
E_8445,8445_F2,ECOTOX,Acartia tonsa,4,F2 generation,F2 generation,Cu-Cd,Cu,Cd,1.0071444308060302,1.6901809383172914,0.5958796528664688,-0.5177165570270185,CORE
E_8445,8445_F6,ECOTOX,Acartia tonsa,4,F6 generation,F6 generation,Cu-Cd,Cu,Cd,0.8655147452239322,1.9570516127884428,0.44225442986183233,-0.8158699293460947,CORE
W_013,W013_FEMALE_72H,WoS_supplemental,Eurytemora affinis,3,Adult,Adult female,Cu-Cd,Cu,Cd,3.5250055078211067,1.0763783870336434,3.274875778150429,1.186279938032095,CORE
W_013,W013_MALE_72H,WoS_supplemental,Eurytemora affinis,3,Adult,Adult male,Cu-Cd,Cu,Cd,0.8025682182985554,0.5960111729855712,1.3465657267434898,0.29755744510715587,CORE
