Scope,Comparison,Omitted_Reference,Remaining_References,Ratio_A_over_B
ALL_DURATIONS,Cu-Cd,E_11097,9,0.555175940630233
ALL_DURATIONS,Cu-Cd,E_111315,9,0.6370004151894088
ALL_DURATIONS,Cu-Cd,E_14137,9,0.6227316666628757
ALL_DURATIONS,Cu-Cd,E_153073,9,0.4642720405214808
ALL_DURATIONS,Cu-Cd,E_15726,9,0.6831427638575138
ALL_DURATIONS,Cu-Cd,E_166028,9,0.6626452037321288
ALL_DURATIONS,Cu-Cd,E_2183,9,0.5177288775185158
ALL_DURATIONS,Cu-Cd,E_5563,9,0.6437267598358245
ALL_DURATIONS,Cu-Cd,E_8445,9,0.6033737703329909
ALL_DURATIONS,Cu-Cd,W_013,9,0.5079569932345465
ALL_DURATIONS,Cu-Zn,E_111315,3,0.7546382302459287
ALL_DURATIONS,Cu-Zn,E_169337,3,0.44990315807511133
ALL_DURATIONS,Cu-Zn,E_2183,3,0.5573063225617192
ALL_DURATIONS,Cu-Zn,E_5563,3,1.1683993219076136
ALL_DURATIONS,Cu-Ni,E_2183,1,0.3105145518482795
ALL_DURATIONS,Cu-Ni,W_013,1,0.27709092625814374
ALL_DURATIONS,Cu-Hg,E_166028,3,14.445028188025058
ALL_DURATIONS,Cu-Hg,E_2183,3,9.7694829857923
ALL_DURATIONS,Cu-Hg,E_6079,3,13.05289056717242
ALL_DURATIONS,Cu-Hg,E_8445,3,12.505127678806867
ALL_DURATIONS,Cd-Zn,E_111315,3,0.45615072472314494
ALL_DURATIONS,Cd-Zn,E_2183,3,0.627444785368684
ALL_DURATIONS,Cd-Zn,E_2332,3,0.9105343995151792
ALL_DURATIONS,Cd-Zn,E_5563,3,0.6843453475817171
ALL_DURATIONS,Cd-Ni,E_2183,1,0.3975218429603559
ALL_DURATIONS,Cd-Ni,W_013,1,0.15663547245005074
ALL_DURATIONS,Cd-Hg,E_166028,2,17.396643254112796
ALL_DURATIONS,Cd-Hg,E_2183,2,29.376445851559154
ALL_DURATIONS,Cd-Hg,E_8445,2,23.581513175130027
96H,Cu-Cd,E_111315,4,1.057276354104928
96H,Cu-Cd,E_14137,4,1.0047344622204655
96H,Cu-Cd,E_153073,4,0.518934270897388
96H,Cu-Cd,E_2183,4,0.6631389478939064
96H,Cu-Cd,E_8445,4,0.9358227954994335
96H,Cu-Zn,E_111315,2,1.7608549936428983
96H,Cu-Zn,E_169337,2,0.8105763931988158
96H,Cu-Zn,E_2183,2,1.1175226753259786
96H,Cu-Ni,E_2183,1,0.23649864651373095
96H,Cu-Ni,W_013,1,0.27709092625814374
96H,Cu-Hg,E_2183,1,11.779325176693499
96H,Cu-Hg,E_8445,1,24.70415816546453
96H,Cd-Zn,E_111315,2,0.4129978133435114
96H,Cd-Zn,E_2183,2,0.666267255482362
96H,Cd-Zn,E_2332,2,1.1647419974537983
96H,Cd-Hg,E_2183,1,21.671702946200718
96H,Cd-Hg,E_8445,1,13.964901478308832
