Reference_ID,Source_Context_ID,Metal,Source_Origin,LC50_context_umol_L,n_results,n_tests,ECOTOX_Reference_Number
E_11097,11097_COPEPODID_10D,Cd,ECOTOX,8.060383937943671,1,1,11097
E_11097,11097_COPEPODID_10D,Cu,ECOTOX,8.32310452270796,1,1,11097
E_11097,11097_NAUPLIUS_1D,Cd,ECOTOX,4.7894390378422615,1,1,11097
E_11097,11097_NAUPLIUS_1D,Cu,ECOTOX,4.944449689988355,1,1,11097
E_11097,11097_NAUPLIUS_5D,Cd,ECOTOX,5.737719501129751,1,1,11097
E_11097,11097_NAUPLIUS_5D,Cu,ECOTOX,5.374059736254052,1,1,11097
E_11097,11097_OVIG_BAND,Cd,ECOTOX,8.153788674008576,1,1,11097
E_11097,11097_OVIG_BAND,Cu,ECOTOX,7.038995373430272,1,1,11097
E_11097,11097_OVIG_SAC,Cd,ECOTOX,7.7632679203657915,1,1,11097
E_11097,11097_OVIG_SAC,Cu,ECOTOX,6.7368520441884625,1,1,11097
E_111315,111315_ADULT_96H,Cd,ECOTOX,224.17136655576715,1,1,111315
E_111315,111315_ADULT_96H,Cu,ECOTOX,61.372863752242445,1,1,111315
E_111315,111315_ADULT_96H,Zn,ECOTOX,119.30253900275318,1,1,111315
E_14137,14137_ADULT_96H,Cd,ECOTOX,3.024534310673048,1,1,14137
E_14137,14137_ADULT_96H,Cu,ECOTOX,1.3848235923582917,1,1,14137
E_14137,14137_NAUPLII_96H,Cd,ECOTOX,4.092017008557653,1,1,14137
E_14137,14137_NAUPLII_96H,Cu,ECOTOX,1.0071444308060302,1,1,14137
E_153073,153073_ADULT_96H,Cd,ECOTOX,2.6687067447115127,1,1,153073
E_153073,153073_ADULT_96H,Cu,ECOTOX,12.589305385075379,1,1,153073
E_15726,15726_ADULT_48H,Cd,ECOTOX,8.628818474567225,1,1,15726
E_15726,15726_ADULT_48H,Cu,ECOTOX,1.2589305385075378,1,1,15726
E_166028,166028_NAUPLII_48H,Cd,ECOTOX,18.858860995961365,1,1,166028
E_166028,166028_NAUPLII_48H,Cu,ECOTOX,3.6194252982091712,1,1,166028
E_166028,166028_NAUPLII_48H,Hg,ECOTOX,0.4735981494775464,1,1,166028
E_169337,169337_NITROCA_96H,Cu,ECOTOX,33.04692663582288,1,1,169337
E_169337,169337_NITROCA_96H,Zn,ECOTOX,13.612725604160294,1,1,169337
E_192310,192310_ACARTIA_DANAE_ADULT_96H,Cd,ECOTOX,0.284662052769228,1,1,192310
E_192310,192310_ACARTIA_DANAE_ADULT_96H,Pb,ECOTOX,0.48262548262548266,1,1,192310
E_192310,192310_OITHONA_SIMILIS_ADULT_96H,Cd,ECOTOX,0.16901809383172914,1,1,192310
E_192310,192310_OITHONA_SIMILIS_ADULT_96H,Pb,ECOTOX,0.24131274131274133,1,1,192310
E_2183,2183_NITROCA_ADULT_96H,Cd,ECOTOX,16.01224046826908,1,1,2183
E_2183,2183_NITROCA_ADULT_96H,Cu,ECOTOX,28.325937116419603,1,1,2183
E_2183,2183_NITROCA_ADULT_96H,Hg,ECOTOX,1.1466060461035334,1,1,2183
E_2183,2183_NITROCA_ADULT_96H,Ni,ECOTOX,102.22614467725502,1,1,2183
E_2183,2183_NITROCA_ADULT_96H,Zn,ECOTOX,22.178036096665647,1,1,2183
E_2332,2332_SAL15_96H,Cd,ECOTOX,6.938637536249933,1,1,2332
E_2332,2332_SAL15_96H,Zn,ECOTOX,36.70847353930866,1,1,2332
E_2332,2332_SAL7_96H,Cd,ECOTOX,5.871154838365328,1,1,2332
E_2332,2332_SAL7_96H,Zn,ECOTOX,19.883756500458855,1,1,2332
E_5563,5563_ACARTIA_SIMPLEX_24H,Cd,ECOTOX,12.187094134182573,1,1,5563
E_5563,5563_ACARTIA_SIMPLEX_24H,Cu,ECOTOX,3.1473263462688448,1,1,5563
E_5563,5563_ACARTIA_SIMPLEX_24H,Zn,ECOTOX,28.449066992964216,1,1,5563
E_5563,5563_PARACALANUS_PARVUS_24H,Cd,ECOTOX,24.107317593894006,1,1,5563
E_5563,5563_PARACALANUS_PARVUS_24H,Cu,ECOTOX,2.9899600289554025,1,1,5563
E_5563,5563_PARACALANUS_PARVUS_24H,Zn,ECOTOX,21.107372285102482,1,1,5563
E_5563,5563_SCUTELLIDIUM_SP_24H,Cd,ECOTOX,5.871154838365328,1,1,5563
E_5563,5563_SCUTELLIDIUM_SP_24H,Cu,ECOTOX,2.83259371164196,1,1,5563
E_5563,5563_SCUTELLIDIUM_SP_24H,Zn,ECOTOX,16.67176506576935,1,1,5563
E_6079,6079_SAANICH_9C_48H,Cu,ECOTOX,1.6523463317911435,1,1,6079
E_6079,6079_SAANICH_9C_48H,Hg,ECOTOX,0.15952779771875247,1,1,6079
E_8445,8445_BAY,Cd,ECOTOX,1.0852740761826818,1,1,8445
E_8445,8445_BAY,Cu,ECOTOX,0.2675227394328518,1,1,8445
E_8445,8445_F1,Cd,ECOTOX,0.8006120234134538,1,1,8445
E_8445,8445_F1,Cu,ECOTOX,0.4878355836716709,1,1,8445
E_8445,8445_F1,Hg,ECOTOX,0.04985243678711015,1,1,8445
E_8445,8445_F2,Cd,ECOTOX,1.6901809383172914,1,1,8445
E_8445,8445_F2,Cu,ECOTOX,1.0071444308060302,1,1,8445
E_8445,8445_F2,Hg,ECOTOX,0.06979341150195421,1,1,8445
E_8445,8445_F6,Cd,ECOTOX,1.9570516127884428,1,1,8445
E_8445,8445_F6,Cu,ECOTOX,0.8655147452239322,1,1,8445
E_8445,8445_F6,Hg,ECOTOX,0.07477865518066523,1,1,8445
W_013,W013_FEMALE_72H,Cd,WoS_supplemental,1.0763783870336434,1,1,NA
W_013,W013_FEMALE_72H,Cu,WoS_supplemental,3.5250055078211067,1,1,NA
W_013,W013_FEMALE_96H,Cu,WoS_supplemental,0.5979920057910805,1,1,NA
W_013,W013_FEMALE_96H,Ni,WoS_supplemental,2.743068215506343,1,1,NA
W_013,W013_MALE_72H,Cd,WoS_supplemental,0.5960111729855712,1,1,NA
W_013,W013_MALE_72H,Cu,WoS_supplemental,0.8025682182985554,1,1,NA
W_013,W013_MALE_72H,Ni,WoS_supplemental,1.4993167885997405,1,1,NA
W_013,W013_MALE_96H,Cu,WoS_supplemental,0.3934157932836056,1,1,NA
W_013,W013_MALE_96H,Ni,WoS_supplemental,1.5333921701588251,1,1,NA
