"Raw_Row","Test_Number","Result_Number","Reference_Number","Metal","Chemical_Name","Species","Order","Lifestage","Duration_days","Exposure_Type","Conc_Type","Mean_Op","Mean","Min","Max","Units","Analysis_Point","Analysis_Units","Temperature","Salinity","pH","Organic_Carbon","Title","Eligibility_Status","Eligibility_Reason","Atomic_Weight_g_mol","Basis_Interpretation","LC50_target_mg_L","LC50_umol_L","ln_LC50_umol_L","Harmonization_Status","Harmonization_Rule","Metal_Role","Core_Pairwise_Ready","Temperature_Raw_Mean","Temperature_Raw_Min","Temperature_Raw_Max","Temperature_Raw_Units","Temperature_Repair_Status","Salinity_Raw_Mean","Salinity_Raw_Min","Salinity_Raw_Max","Salinity_Raw_Units","Salinity_Repair_Status","pH_Raw_Mean","pH_Raw_Min","pH_Raw_Max","pH_Raw_Units","pH_Repair_Status","Organic_Carbon_Raw_Mean","Organic_Carbon_Raw_Min","Organic_Carbon_Raw_Max","Organic_Carbon_Raw_Units","Organic_Carbon_Repair_Status","Source_Origin","Reference_ID","Test_ID","Result_ID","External_Audit_ID","External_DOI","External_Reference_Label","External_Stage_Sex","External_Concentration_Type_Detail","External_Source_Location","External_Source_Note","Quantitative","Sex_field_status","Sex_field_evidence"
,,,,"Cd","Cd salt not reported","Pseudodiaptomus annandalei","Calanoida","Adult",3,"Waterborne","Nominal","=",252.2,,,"ug/L",252.2,"ug/L",26,15,,,,"WOS_SOURCE_VERIFIED_KEEP","Supplementary WoS record; source verified and retained for quantitative augmentation",112.414,"WOS_SOURCE_VERIFIED_ELEMENTAL_METAL_MASS",0.2522,2.24349280338748,0.808033938667436,"HARMONIZED","Reported metal-mass LC50 converted to umol/L using target-metal atomic weight","PENDING_COMBINED_SUPPORT_AUDIT","PENDING_COMBINED_SUPPORT_AUDIT",26,,,"C","SOURCE_REPORTED_WOS",15,,,"PSU/ppt as reported","SOURCE_REPORTED_WOS",,,,,"NOT_EXTRACTED_WOS",,,,,"NOT_EXTRACTED_WOS","WoS_supplemental","W_002","W_002_T01","W_002_T01_R01","A03","10.1007/s10646-017-1848-6","Kadiene et al. (2017)","Adult male","Nominal","Table 1",,TRUE,"Male","External_Stage_Sex=Adult male | Lifestage=Adult"
,,,,"Cd","Cd salt not reported","Pseudodiaptomus annandalei","Calanoida","Adult",4,"Waterborne","Nominal","=",120.59,,,"ug/L",120.59,"ug/L",26,15,,,,"WOS_SOURCE_VERIFIED_KEEP","Supplementary WoS record; source verified and retained for quantitative augmentation",112.414,"WOS_SOURCE_VERIFIED_ELEMENTAL_METAL_MASS",0.12059,1.07273115448254,0.070207877252118,"HARMONIZED","Reported metal-mass LC50 converted to umol/L using target-metal atomic weight","PENDING_COMBINED_SUPPORT_AUDIT","PENDING_COMBINED_SUPPORT_AUDIT",26,,,"C","SOURCE_REPORTED_WOS",15,,,"PSU/ppt as reported","SOURCE_REPORTED_WOS",,,,,"NOT_EXTRACTED_WOS",,,,,"NOT_EXTRACTED_WOS","WoS_supplemental","W_002","W_002_T01","W_002_T01_R02","A03","10.1007/s10646-017-1848-6","Kadiene et al. (2017)","Adult male","Nominal","Table 1",,TRUE,"Male","External_Stage_Sex=Adult male | Lifestage=Adult"
,,,,"Cd","Cd salt not reported","Pseudodiaptomus annandalei","Calanoida","Adult",3,"Waterborne","Nominal","=",461.86,,,"ug/L",461.86,"ug/L",26,15,,,,"WOS_SOURCE_VERIFIED_KEEP","Supplementary WoS record; source verified and retained for quantitative augmentation",112.414,"WOS_SOURCE_VERIFIED_ELEMENTAL_METAL_MASS",0.46186,4.10856299037486,1.41307332999237,"HARMONIZED","Reported metal-mass LC50 converted to umol/L using target-metal atomic weight","PENDING_COMBINED_SUPPORT_AUDIT","PENDING_COMBINED_SUPPORT_AUDIT",26,,,"C","SOURCE_REPORTED_WOS",15,,,"PSU/ppt as reported","SOURCE_REPORTED_WOS",,,,,"NOT_EXTRACTED_WOS",,,,,"NOT_EXTRACTED_WOS","WoS_supplemental","W_002","W_002_T02","W_002_T02_R01","A03","10.1007/s10646-017-1848-6","Kadiene et al. (2017)","Adult female","Nominal","Table 1","LC50 above highest tested concentration (360 µg/L).",TRUE,"Female","External_Stage_Sex=Adult female | Lifestage=Adult"
,,,,"Cd","Cd salt not reported","Pseudodiaptomus annandalei","Calanoida","Adult",4,"Waterborne","Nominal","=",239.46,,,"ug/L",239.46,"ug/L",26,15,,,,"WOS_SOURCE_VERIFIED_KEEP","Supplementary WoS record; source verified and retained for quantitative augmentation",112.414,"WOS_SOURCE_VERIFIED_ELEMENTAL_METAL_MASS",0.23946,2.13016172362873,0.756197903425314,"HARMONIZED","Reported metal-mass LC50 converted to umol/L using target-metal atomic weight","PENDING_COMBINED_SUPPORT_AUDIT","PENDING_COMBINED_SUPPORT_AUDIT",26,,,"C","SOURCE_REPORTED_WOS",15,,,"PSU/ppt as reported","SOURCE_REPORTED_WOS",,,,,"NOT_EXTRACTED_WOS",,,,,"NOT_EXTRACTED_WOS","WoS_supplemental","W_002","W_002_T02","W_002_T02_R02","A03","10.1007/s10646-017-1848-6","Kadiene et al. (2017)","Adult female","Nominal","Table 1",,TRUE,"Female","External_Stage_Sex=Adult female | Lifestage=Adult"
,,,,"Cd","Cd salt not reported","Eurytemora affinis","Calanoida","Adult",2,"Waterborne","Nominal","=",365.54,,,"ug/L",365.54,"ug/L",18,15,,,,"WOS_SOURCE_VERIFIED_KEEP","Supplementary WoS record; source verified and retained for quantitative augmentation",112.414,"WOS_SOURCE_VERIFIED_ELEMENTAL_METAL_MASS",0.36554,3.25173021153949,1.17918722746291,"HARMONIZED","Reported metal-mass LC50 converted to umol/L using target-metal atomic weight","PENDING_COMBINED_SUPPORT_AUDIT","PENDING_COMBINED_SUPPORT_AUDIT",18,,,"C","SOURCE_REPORTED_WOS",15,,,"PSU/ppt as reported","SOURCE_REPORTED_WOS",,,,,"NOT_EXTRACTED_WOS",,,,,"NOT_EXTRACTED_WOS","WoS_supplemental","W_002","W_002_T03","W_002_T03_R01","A03","10.1007/s10646-017-1848-6","Kadiene et al. (2017)","Adult female","Nominal","Table 1",,TRUE,"Female","External_Stage_Sex=Adult female | Lifestage=Adult"
,,,,"Cd","Cd salt not reported","Eurytemora affinis","Calanoida","Adult",3,"Waterborne","Nominal","=",158.88,,,"ug/L",158.88,"ug/L",18,15,,,,"WOS_SOURCE_VERIFIED_KEEP","Supplementary WoS record; source verified and retained for quantitative augmentation",112.414,"WOS_SOURCE_VERIFIED_ELEMENTAL_METAL_MASS",0.15888,1.41334709199922,0.345960715433479,"HARMONIZED","Reported metal-mass LC50 converted to umol/L using target-metal atomic weight","PENDING_COMBINED_SUPPORT_AUDIT","PENDING_COMBINED_SUPPORT_AUDIT",18,,,"C","SOURCE_REPORTED_WOS",15,,,"PSU/ppt as reported","SOURCE_REPORTED_WOS",,,,,"NOT_EXTRACTED_WOS",,,,,"NOT_EXTRACTED_WOS","WoS_supplemental","W_002","W_002_T03","W_002_T03_R02","A03","10.1007/s10646-017-1848-6","Kadiene et al. (2017)","Adult female","Nominal","Table 1",,TRUE,"Female","External_Stage_Sex=Adult female | Lifestage=Adult"
,,,,"Cd","Cd salt not reported","Eurytemora affinis","Calanoida","Adult",4,"Waterborne","Nominal","=",90.04,,,"ug/L",90.04,"ug/L",18,15,,,,"WOS_SOURCE_VERIFIED_KEEP","Supplementary WoS record; source verified and retained for quantitative augmentation",112.414,"WOS_SOURCE_VERIFIED_ELEMENTAL_METAL_MASS",0.09004,0.800967850979415,-0.221934468824852,"HARMONIZED","Reported metal-mass LC50 converted to umol/L using target-metal atomic weight","PENDING_COMBINED_SUPPORT_AUDIT","PENDING_COMBINED_SUPPORT_AUDIT",18,,,"C","SOURCE_REPORTED_WOS",15,,,"PSU/ppt as reported","SOURCE_REPORTED_WOS",,,,,"NOT_EXTRACTED_WOS",,,,,"NOT_EXTRACTED_WOS","WoS_supplemental","W_002","W_002_T03","W_002_T03_R03","A03","10.1007/s10646-017-1848-6","Kadiene et al. (2017)","Adult female","Nominal","Table 1",,TRUE,"Female","External_Stage_Sex=Adult female | Lifestage=Adult"
,,,,"Cd","Cd salt not reported","Eurytemora affinis","Calanoida","Adult",3,"Waterborne","Nominal","=",281.94,,,"ug/L",281.94,"ug/L",18,15,,,,"WOS_SOURCE_VERIFIED_KEEP","Supplementary WoS record; source verified and retained for quantitative augmentation",112.414,"WOS_SOURCE_VERIFIED_ELEMENTAL_METAL_MASS",0.28194,2.50805059867988,0.919505797479396,"HARMONIZED","Reported metal-mass LC50 converted to umol/L using target-metal atomic weight","PENDING_COMBINED_SUPPORT_AUDIT","PENDING_COMBINED_SUPPORT_AUDIT",18,,,"C","SOURCE_REPORTED_WOS",15,,,"PSU/ppt as reported","SOURCE_REPORTED_WOS",,,,,"NOT_EXTRACTED_WOS",,,,,"NOT_EXTRACTED_WOS","WoS_supplemental","W_002","W_002_T04","W_002_T04_R01","A03","10.1007/s10646-017-1848-6","Kadiene et al. (2017)","Adult male","Nominal","Table 1",,TRUE,"Male","External_Stage_Sex=Adult male | Lifestage=Adult"
,,,,"Cd","Cd salt not reported","Eurytemora affinis","Calanoida","Adult",4,"Waterborne","Nominal","=",127.75,,,"ug/L",127.75,"ug/L",18,15,,,,"WOS_SOURCE_VERIFIED_KEEP","Supplementary WoS record; source verified and retained for quantitative augmentation",112.414,"WOS_SOURCE_VERIFIED_ELEMENTAL_METAL_MASS",0.12775,1.13642428878965,0.127886744220431,"HARMONIZED","Reported metal-mass LC50 converted to umol/L using target-metal atomic weight","PENDING_COMBINED_SUPPORT_AUDIT","PENDING_COMBINED_SUPPORT_AUDIT",18,,,"C","SOURCE_REPORTED_WOS",15,,,"PSU/ppt as reported","SOURCE_REPORTED_WOS",,,,,"NOT_EXTRACTED_WOS",,,,,"NOT_EXTRACTED_WOS","WoS_supplemental","W_002","W_002_T04","W_002_T04_R02","A03","10.1007/s10646-017-1848-6","Kadiene et al. (2017)","Adult male","Nominal","Table 1",,TRUE,"Male","External_Stage_Sex=Adult male | Lifestage=Adult"
,,,,"Ag","AgNO3","Calanus finmarchicus","Calanoida","Adult",4,"Waterborne","Measured","=",146,,,"ug/L",146,"ug/L",10,,,,,"WOS_SOURCE_VERIFIED_KEEP","Supplementary WoS record; source verified and retained for quantitative augmentation",107.8682,"WOS_SOURCE_VERIFIED_ELEMENTAL_METAL_MASS",0.146,1.35350362757513,0.302696510212797,"HARMONIZED","Reported metal-mass LC50 converted to umol/L using target-metal atomic weight","PENDING_COMBINED_SUPPORT_AUDIT","PENDING_COMBINED_SUPPORT_AUDIT",10,,,"C","SOURCE_REPORTED_WOS",,,,,"NOT_REPORTED_WOS",,,,,"NOT_EXTRACTED_WOS",,,,,"NOT_EXTRACTED_WOS","WoS_supplemental","W_006","W_006_T01","W_006_T01_R01","A08","10.1016/j.aquatox.2020.105582","Farkas et al. (2020)","Newly molted non-ovulating females","Measured total Ag","Results","Ionic Ag+ arm only; AgNP and oil-mixture arms excluded.",TRUE,"Female","External_Stage_Sex=Newly molted non-ovulating females | Lifestage=Adult"
,,,,"Cu","CuCl2","Gladioferens pectinatus","Calanoida","Adult",4,"Waterborne","Measured","=",216,,,"ug/L",216,"ug/L",20,30,,,,"WOS_SOURCE_VERIFIED_KEEP","Supplementary WoS record; source verified and retained for quantitative augmentation",63.546,"WOS_SOURCE_VERIFIED_ELEMENTAL_METAL_MASS",0.216,3.39911245397035,1.22351435459458,"HARMONIZED","Reported metal-mass LC50 converted to umol/L using target-metal atomic weight","PENDING_COMBINED_SUPPORT_AUDIT","PENDING_COMBINED_SUPPORT_AUDIT",20,,,"C","SOURCE_REPORTED_WOS",30,,,"PSU/ppt as reported","SOURCE_REPORTED_WOS",,,,,"NOT_EXTRACTED_WOS",,,,,"NOT_EXTRACTED_WOS","WoS_supplemental","W_011","W_011_T02","W_011_T02_R01","A13","10.1016/j.ecoenv.2019.03.022","Charry et al. (2019)","Adults; male + female","Measured","Results/Table 1",,TRUE,"Both sexes mentioned","External_Stage_Sex=Adults; male + female | Lifestage=Adult"
,,,,"Cd","CdCl2","Eurytemora affinis","Calanoida","Adult",2,"Waterborne","Nominal","=",239,,,"ug/L",239,"ug/L",18,15,,,,"WOS_SOURCE_VERIFIED_KEEP","Supplementary WoS record; source verified and retained for quantitative augmentation",112.414,"WOS_SOURCE_VERIFIED_ELEMENTAL_METAL_MASS",0.239,2.12606970662017,0.754275067068128,"HARMONIZED","Reported metal-mass LC50 converted to umol/L using target-metal atomic weight","PENDING_COMBINED_SUPPORT_AUDIT","PENDING_COMBINED_SUPPORT_AUDIT",18,,,"C","SOURCE_REPORTED_WOS",15,,,"PSU/ppt as reported","SOURCE_REPORTED_WOS",,,,,"NOT_EXTRACTED_WOS",,,,,"NOT_EXTRACTED_WOS","WoS_supplemental","W_013","W_013_T01","W_013_T01_R01","A15","10.1016/j.chemosphere.2018.12.148","Zidour et al. (2019)","Adult female","Nominal","Table 1 / Results",,TRUE,"Female","External_Stage_Sex=Adult female | Lifestage=Adult"
,,,,"Cd","CdCl2","Eurytemora affinis","Calanoida","Adult",3,"Waterborne","Nominal","=",121,,,"ug/L",121,"ug/L",18,15,,,,"WOS_SOURCE_VERIFIED_KEEP","Supplementary WoS record; source verified and retained for quantitative augmentation",112.414,"WOS_SOURCE_VERIFIED_ELEMENTAL_METAL_MASS",0.121,1.07637838703364,0.0736020607333579,"HARMONIZED","Reported metal-mass LC50 converted to umol/L using target-metal atomic weight","PENDING_COMBINED_SUPPORT_AUDIT","PENDING_COMBINED_SUPPORT_AUDIT",18,,,"C","SOURCE_REPORTED_WOS",15,,,"PSU/ppt as reported","SOURCE_REPORTED_WOS",,,,,"NOT_EXTRACTED_WOS",,,,,"NOT_EXTRACTED_WOS","WoS_supplemental","W_013","W_013_T01","W_013_T01_R02","A15","10.1016/j.chemosphere.2018.12.148","Zidour et al. (2019)","Adult female","Nominal","Table 1 / Results",,TRUE,"Female","External_Stage_Sex=Adult female | Lifestage=Adult"
,,,,"Cu","CuCl2","Eurytemora affinis","Calanoida","Adult",3,"Waterborne","Nominal","=",224,,,"ug/L",224,"ug/L",18,15,,,,"WOS_SOURCE_VERIFIED_KEEP","Supplementary WoS record; source verified and retained for quantitative augmentation",63.546,"WOS_SOURCE_VERIFIED_ELEMENTAL_METAL_MASS",0.224,3.52500550782111,1.25988199876545,"HARMONIZED","Reported metal-mass LC50 converted to umol/L using target-metal atomic weight","PENDING_COMBINED_SUPPORT_AUDIT","PENDING_COMBINED_SUPPORT_AUDIT",18,,,"C","SOURCE_REPORTED_WOS",15,,,"PSU/ppt as reported","SOURCE_REPORTED_WOS",,,,,"NOT_EXTRACTED_WOS",,,,,"NOT_EXTRACTED_WOS","WoS_supplemental","W_013","W_013_T02","W_013_T02_R01","A15","10.1016/j.chemosphere.2018.12.148","Zidour et al. (2019)","Adult female","Nominal","Table 1 / Results",,TRUE,"Female","External_Stage_Sex=Adult female | Lifestage=Adult"
,,,,"Cu","CuCl2","Eurytemora affinis","Calanoida","Adult",4,"Waterborne","Nominal","=",38,,,"ug/L",38,"ug/L",18,15,,,,"WOS_SOURCE_VERIFIED_KEEP","Supplementary WoS record; source verified and retained for quantitative augmentation",63.546,"WOS_SOURCE_VERIFIED_ELEMENTAL_METAL_MASS",0.038,0.59799200579108,-0.514177893363201,"HARMONIZED","Reported metal-mass LC50 converted to umol/L using target-metal atomic weight","PENDING_COMBINED_SUPPORT_AUDIT","PENDING_COMBINED_SUPPORT_AUDIT",18,,,"C","SOURCE_REPORTED_WOS",15,,,"PSU/ppt as reported","SOURCE_REPORTED_WOS",,,,,"NOT_EXTRACTED_WOS",,,,,"NOT_EXTRACTED_WOS","WoS_supplemental","W_013","W_013_T02","W_013_T02_R02","A15","10.1016/j.chemosphere.2018.12.148","Zidour et al. (2019)","Adult female","Nominal","Table 1 / Results","Source internal discrepancy: Table 1 gives 39; Abstract/Results/Table 3 give 38.",TRUE,"Female","External_Stage_Sex=Adult female | Lifestage=Adult"
,,,,"Ni","NiSO4·6H2O","Eurytemora affinis","Calanoida","Adult",4,"Waterborne","Nominal","=",161,,,"ug/L",161,"ug/L",18,15,,,,"WOS_SOURCE_VERIFIED_KEEP","Supplementary WoS record; source verified and retained for quantitative augmentation",58.6934,"WOS_SOURCE_VERIFIED_ELEMENTAL_METAL_MASS",0.161,2.74306821550634,1.00907708058767,"HARMONIZED","Reported metal-mass LC50 converted to umol/L using target-metal atomic weight","PENDING_COMBINED_SUPPORT_AUDIT","PENDING_COMBINED_SUPPORT_AUDIT",18,,,"C","SOURCE_REPORTED_WOS",15,,,"PSU/ppt as reported","SOURCE_REPORTED_WOS",,,,,"NOT_EXTRACTED_WOS",,,,,"NOT_EXTRACTED_WOS","WoS_supplemental","W_013","W_013_T03","W_013_T03_R01","A15","10.1016/j.chemosphere.2018.12.148","Zidour et al. (2019)","Adult female","Nominal","Table 1 / Results",,TRUE,"Female","External_Stage_Sex=Adult female | Lifestage=Adult"
,,,,"Cu","CuCl2","Eurytemora affinis","Calanoida","Adult",2,"Waterborne","Nominal","=",145.2,,,"ug/L",145.2,"ug/L",18,15,,,,"WOS_SOURCE_VERIFIED_KEEP","Supplementary WoS record; source verified and retained for quantitative augmentation",63.546,"WOS_SOURCE_VERIFIED_ELEMENTAL_METAL_MASS",0.1452,2.28495892739118,0.826348049301109,"HARMONIZED","Reported metal-mass LC50 converted to umol/L using target-metal atomic weight","PENDING_COMBINED_SUPPORT_AUDIT","PENDING_COMBINED_SUPPORT_AUDIT",18,,,"C","SOURCE_REPORTED_WOS",15,,,"PSU/ppt as reported","SOURCE_REPORTED_WOS",,,,,"NOT_EXTRACTED_WOS",,,,,"NOT_EXTRACTED_WOS","WoS_supplemental","W_013","W_013_T04","W_013_T04_R01","A15","10.1016/j.chemosphere.2018.12.148","Zidour et al. (2019)","Adult male","Nominal","Table 1 / Results",,TRUE,"Male","External_Stage_Sex=Adult male | Lifestage=Adult"
,,,,"Cu","CuCl2","Eurytemora affinis","Calanoida","Adult",3,"Waterborne","Nominal","=",51,,,"ug/L",51,"ug/L",18,15,,,,"WOS_SOURCE_VERIFIED_KEEP","Supplementary WoS record; source verified and retained for quantitative augmentation",63.546,"WOS_SOURCE_VERIFIED_ELEMENTAL_METAL_MASS",0.051,0.802568218298555,-0.219938420365261,"HARMONIZED","Reported metal-mass LC50 converted to umol/L using target-metal atomic weight","PENDING_COMBINED_SUPPORT_AUDIT","PENDING_COMBINED_SUPPORT_AUDIT",18,,,"C","SOURCE_REPORTED_WOS",15,,,"PSU/ppt as reported","SOURCE_REPORTED_WOS",,,,,"NOT_EXTRACTED_WOS",,,,,"NOT_EXTRACTED_WOS","WoS_supplemental","W_013","W_013_T04","W_013_T04_R02","A15","10.1016/j.chemosphere.2018.12.148","Zidour et al. (2019)","Adult male","Nominal","Table 1 / Results",,TRUE,"Male","External_Stage_Sex=Adult male | Lifestage=Adult"
,,,,"Cu","CuCl2","Eurytemora affinis","Calanoida","Adult",4,"Waterborne","Nominal","=",25,,,"ug/L",25,"ug/L",18,15,,,,"WOS_SOURCE_VERIFIED_KEEP","Supplementary WoS record; source verified and retained for quantitative augmentation",63.546,"WOS_SOURCE_VERIFIED_ELEMENTAL_METAL_MASS",0.025,0.393415793283606,-0.932888228221386,"HARMONIZED","Reported metal-mass LC50 converted to umol/L using target-metal atomic weight","PENDING_COMBINED_SUPPORT_AUDIT","PENDING_COMBINED_SUPPORT_AUDIT",18,,,"C","SOURCE_REPORTED_WOS",15,,,"PSU/ppt as reported","SOURCE_REPORTED_WOS",,,,,"NOT_EXTRACTED_WOS",,,,,"NOT_EXTRACTED_WOS","WoS_supplemental","W_013","W_013_T04","W_013_T04_R03","A15","10.1016/j.chemosphere.2018.12.148","Zidour et al. (2019)","Adult male","Nominal","Table 1 / Results","Source internal discrepancy: Table 1 gives 28; Abstract/Results/Table 3 give 25.",TRUE,"Male","External_Stage_Sex=Adult male | Lifestage=Adult"
,,,,"Cd","CdCl2","Eurytemora affinis","Calanoida","Adult",3,"Waterborne","Nominal","=",67,,,"ug/L",67,"ug/L",18,15,,,,"WOS_SOURCE_VERIFIED_KEEP","Supplementary WoS record; source verified and retained for quantitative augmentation",112.414,"WOS_SOURCE_VERIFIED_ELEMENTAL_METAL_MASS",0.067,0.596011172985571,-0.517495865472417,"HARMONIZED","Reported metal-mass LC50 converted to umol/L using target-metal atomic weight","PENDING_COMBINED_SUPPORT_AUDIT","PENDING_COMBINED_SUPPORT_AUDIT",18,,,"C","SOURCE_REPORTED_WOS",15,,,"PSU/ppt as reported","SOURCE_REPORTED_WOS",,,,,"NOT_EXTRACTED_WOS",,,,,"NOT_EXTRACTED_WOS","WoS_supplemental","W_013","W_013_T05","W_013_T05_R01","A15","10.1016/j.chemosphere.2018.12.148","Zidour et al. (2019)","Adult male","Nominal","Table 1 / Results","Unusual time trend relative to 96 h; retained as reported.",TRUE,"Male","External_Stage_Sex=Adult male | Lifestage=Adult"
,,,,"Ni","NiSO4·6H2O","Eurytemora affinis","Calanoida","Adult",3,"Waterborne","Nominal","=",88,,,"ug/L",88,"ug/L",18,15,,,,"WOS_SOURCE_VERIFIED_KEEP","Supplementary WoS record; source verified and retained for quantitative augmentation",58.6934,"WOS_SOURCE_VERIFIED_ELEMENTAL_METAL_MASS",0.088,1.49931678859974,0.405009530081413,"HARMONIZED","Reported metal-mass LC50 converted to umol/L using target-metal atomic weight","PENDING_COMBINED_SUPPORT_AUDIT","PENDING_COMBINED_SUPPORT_AUDIT",18,,,"C","SOURCE_REPORTED_WOS",15,,,"PSU/ppt as reported","SOURCE_REPORTED_WOS",,,,,"NOT_EXTRACTED_WOS",,,,,"NOT_EXTRACTED_WOS","WoS_supplemental","W_013","W_013_T06","W_013_T06_R01","A15","10.1016/j.chemosphere.2018.12.148","Zidour et al. (2019)","Adult male","Nominal","Table 1 / Results",,TRUE,"Male","External_Stage_Sex=Adult male | Lifestage=Adult"
,,,,"Ni","NiSO4·6H2O","Eurytemora affinis","Calanoida","Adult",4,"Waterborne","Nominal","=",90,,,"ug/L",90,"ug/L",18,15,,,,"WOS_SOURCE_VERIFIED_KEEP","Supplementary WoS record; source verified and retained for quantitative augmentation",58.6934,"WOS_SOURCE_VERIFIED_ELEMENTAL_METAL_MASS",0.09,1.53339217015883,0.427482385933471,"HARMONIZED","Reported metal-mass LC50 converted to umol/L using target-metal atomic weight","PENDING_COMBINED_SUPPORT_AUDIT","PENDING_COMBINED_SUPPORT_AUDIT",18,,,"C","SOURCE_REPORTED_WOS",15,,,"PSU/ppt as reported","SOURCE_REPORTED_WOS",,,,,"NOT_EXTRACTED_WOS",,,,,"NOT_EXTRACTED_WOS","WoS_supplemental","W_013","W_013_T06","W_013_T06_R02","A15","10.1016/j.chemosphere.2018.12.148","Zidour et al. (2019)","Adult male","Nominal","Table 1 / Results",,TRUE,"Male","External_Stage_Sex=Adult male | Lifestage=Adult"
,,,,"Ni","NiCl2·6H2O","Tigriopus japonicus","Harpacticoida","Adult",2,"Waterborne","Nominal","=",17.7,,,"mg/L",17.7,"mg/L",20,25,,,,"WOS_SOURCE_VERIFIED_KEEP","Supplementary WoS record; source verified and retained for quantitative augmentation",58.6934,"WOS_SOURCE_VERIFIED_ELEMENTAL_METAL_MASS",17.7,301.567126797902,5.70899263416513,"HARMONIZED","Reported metal-mass LC50 converted to umol/L using target-metal atomic weight","PENDING_COMBINED_SUPPORT_AUDIT","PENDING_COMBINED_SUPPORT_AUDIT",20,,,"C","SOURCE_REPORTED_WOS",25,,,"PSU/ppt as reported","SOURCE_REPORTED_WOS",,,,,"NOT_EXTRACTED_WOS",,,,,"NOT_EXTRACTED_WOS","WoS_supplemental","W_016","W_016_T01","W_016_T01_R01","A18","10.1007/s10646-010-0471-6","Mohammed et al. (2010)","Adult female","Nominal","Table / Results",,TRUE,"Female","External_Stage_Sex=Adult female | Lifestage=Adult"
,,,,"Ni","NiCl2·6H2O","Apocyclops borneoensis","Cyclopoida","Adult",2,"Waterborne","Nominal","=",13.05,,,"mg/L",13.05,"mg/L",30,20,,,,"WOS_SOURCE_VERIFIED_KEEP","Supplementary WoS record; source verified and retained for quantitative augmentation",58.6934,"WOS_SOURCE_VERIFIED_ELEMENTAL_METAL_MASS",13.05,222.34186467303,5.40421612835405,"HARMONIZED","Reported metal-mass LC50 converted to umol/L using target-metal atomic weight","PENDING_COMBINED_SUPPORT_AUDIT","PENDING_COMBINED_SUPPORT_AUDIT",30,,,"C","SOURCE_REPORTED_WOS",20,,,"PSU/ppt as reported","SOURCE_REPORTED_WOS",,,,,"NOT_EXTRACTED_WOS",,,,,"NOT_EXTRACTED_WOS","WoS_supplemental","W_016","W_016_T02","W_016_T02_R01","A18","10.1007/s10646-010-0471-6","Mohammed et al. (2010)","Adult female","Nominal","Table / Results",,TRUE,"Female","External_Stage_Sex=Adult female | Lifestage=Adult"
,,,,"Ni","NiCl2·6H2O","Acartia pacifica","Calanoida","Adult",2,"Waterborne","Nominal","=",2.36,,,"mg/L",2.36,"mg/L",25,25,,,,"WOS_SOURCE_VERIFIED_KEEP","Supplementary WoS record; source verified and retained for quantitative augmentation",58.6934,"WOS_SOURCE_VERIFIED_ELEMENTAL_METAL_MASS",2.36,40.2089502397203,3.69408961362286,"HARMONIZED","Reported metal-mass LC50 converted to umol/L using target-metal atomic weight","PENDING_COMBINED_SUPPORT_AUDIT","PENDING_COMBINED_SUPPORT_AUDIT",25,,,"C","SOURCE_REPORTED_WOS",25,,,"PSU/ppt as reported","SOURCE_REPORTED_WOS",,,,,"NOT_EXTRACTED_WOS",,,,,"NOT_EXTRACTED_WOS","WoS_supplemental","W_016","W_016_T03","W_016_T03_R01","A18","10.1007/s10646-010-0471-6","Mohammed et al. (2010)","Adult female","Nominal","Table / Results",,TRUE,"Female","External_Stage_Sex=Adult female | Lifestage=Adult"
