"Result_ID","Reference_ID","Species","Metal","Source_Context_ID","Evidence_file","Evidence_field","Evidence_text","In_current_input","In_quantitative_input"
"W_013_T01_R02","W_013","Eurytemora affinis","Cd","W013_FEMALE_72H","data/curated/source_verification/combined_source_adjudication_rows.csv","Decision_Note","Paired with Cu under the same sex/duration source context.",TRUE,TRUE
"W_013_T02_R01","W_013","Eurytemora affinis","Cu","W013_FEMALE_72H","data/curated/source_verification/combined_source_adjudication_rows.csv","Decision_Note","Paired with Cd under the same sex/duration source context.",TRUE,TRUE
"W_013_T03_R01","W_013","Eurytemora affinis","Ni","W013_FEMALE_96H","data/curated/source_verification/combined_source_adjudication_rows.csv","Decision_Note","Paired with Cu under the same sex/duration source context.",TRUE,TRUE
"W_013_T06_R02","W_013","Eurytemora affinis","Ni","W013_MALE_96H","data/curated/source_verification/combined_source_adjudication_rows.csv","Decision_Note","Paired with Cu under the same sex/duration source context.",TRUE,TRUE
"E_R54870","E_2183","Nitocra spinipes","Ni","2183_NITROCA_ADULT_96H","data/curated/source_verification/combined_source_adjudication_rows.csv","Decision_Note","Bengtsson (1978), p. 239, Table 1 and Experimental: Acute toxicity of metals. Accept E_R54870 in the existing adult 96-h context: stock-culture adults; static exposure; 20 +/- 0.5 C; salinity 7 per mille; pH 8.0; no feeding. Ni LC50 = 6.0 mg Ni/L (95% CI 3.9-9.1), matching the existing harmonized row. Element-based reporting does not establish measured free-ion concentration. Common study protocol; sex and metal-specific 10/15-mL volume unspecified. No prior adjudication row was present in the reviewed ledger. Zn pH and all concentration/metadata fields are unchanged.",TRUE,TRUE
"W_013_T01_R01","W_013","Eurytemora affinis","Cd","W013_FEMALE_48H","data/curated/source_verification/combined_source_adjudication_rows.csv","Expected_Stage_Sex","Adult female",TRUE,TRUE
"W_013_T01_R02","W_013","Eurytemora affinis","Cd","W013_FEMALE_72H","data/curated/source_verification/combined_source_adjudication_rows.csv","Expected_Stage_Sex","Adult female",TRUE,TRUE
"W_013_T02_R01","W_013","Eurytemora affinis","Cu","W013_FEMALE_72H","data/curated/source_verification/combined_source_adjudication_rows.csv","Expected_Stage_Sex","Adult female",TRUE,TRUE
"W_013_T02_R02","W_013","Eurytemora affinis","Cu","W013_FEMALE_96H","data/curated/source_verification/combined_source_adjudication_rows.csv","Expected_Stage_Sex","Adult female",TRUE,TRUE
"W_013_T03_R01","W_013","Eurytemora affinis","Ni","W013_FEMALE_96H","data/curated/source_verification/combined_source_adjudication_rows.csv","Expected_Stage_Sex","Adult female",TRUE,TRUE
"W_013_T04_R01","W_013","Eurytemora affinis","Cu","W013_MALE_48H","data/curated/source_verification/combined_source_adjudication_rows.csv","Expected_Stage_Sex","Adult male",TRUE,TRUE
"W_013_T04_R02","W_013","Eurytemora affinis","Cu","W013_MALE_72H","data/curated/source_verification/combined_source_adjudication_rows.csv","Expected_Stage_Sex","Adult male",TRUE,TRUE
"W_013_T04_R03","W_013","Eurytemora affinis","Cu","W013_MALE_96H","data/curated/source_verification/combined_source_adjudication_rows.csv","Expected_Stage_Sex","Adult male",TRUE,TRUE
"W_013_T05_R01","W_013","Eurytemora affinis","Cd","W013_MALE_72H","data/curated/source_verification/combined_source_adjudication_rows.csv","Expected_Stage_Sex","Adult male",TRUE,TRUE
"W_013_T06_R01","W_013","Eurytemora affinis","Ni","W013_MALE_72H","data/curated/source_verification/combined_source_adjudication_rows.csv","Expected_Stage_Sex","Adult male",TRUE,TRUE
"W_013_T06_R02","W_013","Eurytemora affinis","Ni","W013_MALE_96H","data/curated/source_verification/combined_source_adjudication_rows.csv","Expected_Stage_Sex","Adult male",TRUE,TRUE
"W_013_T01_R02","W_013","Eurytemora affinis","Cd","W013_FEMALE_72H","data/curated/source_verification/combined_source_verified_rows_used.csv","Decision_Note","Paired with Cu under the same sex/duration source context.",TRUE,TRUE
"W_013_T02_R01","W_013","Eurytemora affinis","Cu","W013_FEMALE_72H","data/curated/source_verification/combined_source_verified_rows_used.csv","Decision_Note","Paired with Cd under the same sex/duration source context.",TRUE,TRUE
"W_013_T03_R01","W_013","Eurytemora affinis","Ni","W013_FEMALE_96H","data/curated/source_verification/combined_source_verified_rows_used.csv","Decision_Note","Paired with Cu under the same sex/duration source context.",TRUE,TRUE
"W_013_T06_R02","W_013","Eurytemora affinis","Ni","W013_MALE_96H","data/curated/source_verification/combined_source_verified_rows_used.csv","Decision_Note","Paired with Cu under the same sex/duration source context.",TRUE,TRUE
"E_R54870","E_2183","Nitocra spinipes","Ni","2183_NITROCA_ADULT_96H","data/curated/source_verification/combined_source_verified_rows_used.csv","Decision_Note","Bengtsson (1978), p. 239, Table 1 and Experimental: Acute toxicity of metals. Accept E_R54870 in the existing adult 96-h context: stock-culture adults; static exposure; 20 +/- 0.5 C; salinity 7 per mille; pH 8.0; no feeding. Ni LC50 = 6.0 mg Ni/L (95% CI 3.9-9.1), matching the existing harmonized row. Element-based reporting does not establish measured free-ion concentration. Common study protocol; sex and metal-specific 10/15-mL volume unspecified. No prior adjudication row was present in the reviewed ledger. Zn pH and all concentration/metadata fields are unchanged.",TRUE,TRUE
"W_013_T01_R02","W_013","Eurytemora affinis","Cd","W013_FEMALE_72H","data/curated/source_verification/combined_source_verified_rows_used.csv","Expected_Stage_Sex","Adult female",TRUE,TRUE
"W_013_T02_R01","W_013","Eurytemora affinis","Cu","W013_FEMALE_72H","data/curated/source_verification/combined_source_verified_rows_used.csv","Expected_Stage_Sex","Adult female",TRUE,TRUE
"W_013_T02_R02","W_013","Eurytemora affinis","Cu","W013_FEMALE_96H","data/curated/source_verification/combined_source_verified_rows_used.csv","Expected_Stage_Sex","Adult female",TRUE,TRUE
"W_013_T03_R01","W_013","Eurytemora affinis","Ni","W013_FEMALE_96H","data/curated/source_verification/combined_source_verified_rows_used.csv","Expected_Stage_Sex","Adult female",TRUE,TRUE
"W_013_T04_R02","W_013","Eurytemora affinis","Cu","W013_MALE_72H","data/curated/source_verification/combined_source_verified_rows_used.csv","Expected_Stage_Sex","Adult male",TRUE,TRUE
"W_013_T04_R03","W_013","Eurytemora affinis","Cu","W013_MALE_96H","data/curated/source_verification/combined_source_verified_rows_used.csv","Expected_Stage_Sex","Adult male",TRUE,TRUE
"W_013_T05_R01","W_013","Eurytemora affinis","Cd","W013_MALE_72H","data/curated/source_verification/combined_source_verified_rows_used.csv","Expected_Stage_Sex","Adult male",TRUE,TRUE
"W_013_T06_R01","W_013","Eurytemora affinis","Ni","W013_MALE_72H","data/curated/source_verification/combined_source_verified_rows_used.csv","Expected_Stage_Sex","Adult male",TRUE,TRUE
"W_013_T06_R02","W_013","Eurytemora affinis","Ni","W013_MALE_96H","data/curated/source_verification/combined_source_verified_rows_used.csv","Expected_Stage_Sex","Adult male",TRUE,TRUE
