Reference_ID,Test_ID,Species,Metal,Stage_Label,Endpoint_Extrapolation_Flag,Verification_Note,n_durations,Durations,shortest_duration,longest_duration,LC50_shortest,LC50_longest,ratio_long_short,ln_ratio_long_short,direction,percent_change,Source_Origin,Source_Verification_Status,Primary_Verified_Use,Extended_Use
E_14601,NA,Acartia clausi,Cd,Adult,NO,"Original Lussier & Cardin (1985) Cd memorandum unavailable. EPA secondary documents support provenance/endpoints, but original same-series membership of 72 h and 96 h was not independently verified.",2,3 | 4,3,4,3.638336861956696,1.7791378298076752,0.4889975550122249,-0.7153977894947651,Lower LC50 at longer duration,-51.1002444987775,ECOTOX,SECONDARY_SUPPORTED_SAME_SERIES_UNRESOLVED,NO,YES
W_002,W_002_T03,Eurytemora affinis,Cd,Adult female,NO,Kadiene et al. (2017): female 48/72/96-h Cd LC50s from the same acute assay.,3,2 | 3 | 4,2,4,3.251730211539488,0.8009678509794155,0.24632051211905678,-1.4011216962877644,Lower LC50 at longer duration,-75.36794878809432,WoS_supplemental,SOURCE_VERIFIED_SAME_SERIES,YES,YES
W_002,W_002_T04,Eurytemora affinis,Cd,Adult male,NO,Kadiene et al. (2017): male 72-h and 96-h Cd LC50s from the same acute assay.,2,3 | 4,3,4,2.50805059867988,1.1364242887896523,0.4531105909058664,-0.7916190532589658,Lower LC50 at longer duration,-54.68894090941336,WoS_supplemental,SOURCE_VERIFIED_SAME_SERIES,YES,YES
W_002,W_002_T02,Pseudodiaptomus annandalei,Cd,Adult female,YES,Kadiene et al. (2017): female 72-h and 96-h Cd LC50s from the same assay; 72-h LC50 exceeds the highest tested concentration.,2,3 | 4,3,4,4.108562990374865,2.1301617236287296,0.518468800069285,-0.6568754265670513,Lower LC50 at longer duration,-48.1531199930715,WoS_supplemental,SOURCE_VERIFIED_SAME_SERIES,YES,YES
W_002,W_002_T01,Pseudodiaptomus annandalei,Cd,Adult male,NO,Kadiene et al. (2017): male 72-h and 96-h Cd LC50s from the same acute assay.,2,3 | 4,3,4,2.243492803387478,1.0727311544825378,0.4781522601110231,-0.7378260614153178,Lower LC50 at longer duration,-52.18477398889769,WoS_supplemental,SOURCE_VERIFIED_SAME_SERIES,YES,YES
W_013,W_013_T01,Eurytemora affinis,Cd,Adult female,NO,Zidour et al. (2019): retained female Cd 48-h and 72-h endpoints belong to the same assay; duplicate 96-h value was removed before merge.,2,2 | 3,2,3,2.126069706620172,1.0763783870336434,0.506276150627615,-0.6806730063347697,Lower LC50 at longer duration,-49.3723849372385,WoS_supplemental,SOURCE_VERIFIED_SAME_SERIES,YES,YES
E_119554,NA,Tisbe battagliai,Cu,Gestation,NO,Diz et al. (2009) follows gravid adult females within the same Cu assay and reports adult LC50 values at 48 and 72 h.,2,2 | 3,2,3,4.028577723224121,2.4706511818210433,0.6132812500000001,-0.48893163913125426,Lower LC50 at longer duration,-38.671874999999986,ECOTOX,SOURCE_VERIFIED_SAME_SERIES,YES,YES
E_166160,NA,Tigriopus japonicus,Cu,Adult,NO,Bao et al. (2013) conducted one 96-h semi-static acute Cu assay; Table 2 reports the 72-h and 96-h LC50 values from that assay.,2,3 | 4,3,4,9.284612721493094,5.193088471343594,0.5593220338983049,-0.5810298824392395,Lower LC50 at longer duration,-44.06779661016951,ECOTOX,SOURCE_VERIFIED_SAME_SERIES,YES,YES
W_013,W_013_T02,Eurytemora affinis,Cu,Adult female,NO,Zidour et al. (2019): female 72-h and 96-h Cu LC50s from the same assay.,2,3 | 4,3,4,3.5250055078211067,0.5979920057910805,0.1696428571428571,-1.7740598921286543,Lower LC50 at longer duration,-83.03571428571429,WoS_supplemental,SOURCE_VERIFIED_SAME_SERIES,YES,YES
W_013,W_013_T04,Eurytemora affinis,Cu,Adult male,NO,Zidour et al. (2019): male 48/72/96-h Cu LC50s from the same assay.,3,2 | 3 | 4,2,4,2.2849589273911812,0.3934157932836056,0.17217630853994492,-1.7592362775224948,Lower LC50 at longer duration,-82.78236914600551,WoS_supplemental,SOURCE_VERIFIED_SAME_SERIES,YES,YES
E_8445,NA,Acartia tonsa,Hg,F2 generation,NO,"Sosnowski & Gentile (1978), Table 3 reports Hg LC50 values at 24, 48, 72 and 96 h within the same static 96-h F2 assay.",4,1 | 2 | 3 | 4,1,4,0.09970487357422031,0.06979341150195421,0.7,-0.35667494393873245,Lower LC50 at longer duration,-30.000000000000004,ECOTOX,SOURCE_VERIFIED_SAME_SERIES,YES,YES
E_8445,NA,Acartia tonsa,Hg,F6 generation,NO,"Sosnowski & Gentile (1978), Table 3 reports Hg LC50 values at 24, 48, 72 and 96 h within the same static 96-h F6 assay.",4,1 | 2 | 3 | 4,1,4,0.10967536093164232,0.07477865518066523,0.681818181818182,-0.38299225225610556,Lower LC50 at longer duration,-31.818181818181802,ECOTOX,SOURCE_VERIFIED_SAME_SERIES,YES,YES
W_003,W_003_T01,Calanus finmarchicus,Hg,Copepodite V (CV),YES,Tollefsen et al. (2017): 24/48/72/96-h Hg LC50s from the same static assay; 24-h LC50 exceeds the tested range.,4,1 | 2 | 3 | 4,1,4,1.390882986360373,0.16949828507617448,0.1218637992831541,-2.1048512572052043,Lower LC50 at longer duration,-87.81362007168458,WoS_supplemental,SOURCE_VERIFIED_SAME_SERIES,YES,YES
W_010,W_010_T01,Pseudodiaptomus marinus,Hg,Adult,YES,Tlili et al. (2019): 24/48/72/96-h Hg LC50s from the same assay; 24-h and 48-h estimates exceed the highest tested treatment.,4,1 | 2 | 3 | 4,1,4,0.6350001473318208,0.15624539588060232,0.24605568445475642,-1.4021974090930562,Lower LC50 at longer duration,-75.39443155452436,WoS_supplemental,SOURCE_VERIFIED_SAME_SERIES,YES,YES
W_015,W_015_T01,Calanus finmarchicus,Hg,Copepodite V (CV),NO,Øverjordet et al. (2014): 48-h and 96-h Hg LC50s from the same acute assay.,2,2 | 4,2,4,0.36093164233867747,0.20738613703437825,0.5745856353591161,-0.5541061321244529,Lower LC50 at longer duration,-42.54143646408839,WoS_supplemental,SOURCE_VERIFIED_SAME_SERIES,YES,YES
W_015,W_015_T02,Calanus glacialis,Hg,Copepodite V (CV),NO,Øverjordet et al. (2014): 48-h and 96-h Hg LC50s from the same acute assay.,2,2 | 4,2,4,0.3674124591210019,0.17597910185849883,0.4789687924016281,-0.7361198352560401,Lower LC50 at longer duration,-52.10312075983718,WoS_supplemental,SOURCE_VERIFIED_SAME_SERIES,YES,YES
W_004,W_004_T01,Pseudodiaptomus marinus,Ni,Adult,YES,Tlili et al. (2016): 24/48/72/96-h Ni LC50s from the same assay; 24-h LC50 slightly exceeds the highest tested concentration.,4,1 | 2 | 3 | 4,1,4,9.05365850334109,2.3200223534503026,0.2562524699373342,-1.3615921097961312,Lower LC50 at longer duration,-74.37475300626659,WoS_supplemental,SOURCE_VERIFIED_SAME_SERIES,YES,YES
W_013,W_013_T06,Eurytemora affinis,Ni,Adult male,NO,Zidour et al. (2019): male 72-h and 96-h Ni LC50s from the same assay.,2,3 | 4,3,4,1.4993167885997405,1.5333921701588251,1.0227272727272725,0.022472855852058358,Higher LC50 at longer duration,2.2727272727272485,WoS_supplemental,SOURCE_VERIFIED_SAME_SERIES,YES,YES
E_3744,NA,Pseudodiaptomus coronatus,Zn,Adult,NO,"Original Lussier & Cardin (1985) Zn memorandum unavailable. EPA secondary documents support provenance/endpoints, but original same-series membership of 72 h and 96 h was not independently verified.",2,3 | 4,3,4,48.17987152034262,27.27133680024473,0.566031746031746,-0.5691051139565384,Lower LC50 at longer duration,-43.3968253968254,ECOTOX,SECONDARY_SUPPORTED_SAME_SERIES_UNRESOLVED,NO,YES
W_008,W_008_T01,Calanus glacialis,Zn,Copepodite IV–V,NO,Cherkashin (2020): 24-h and 48-h Zn LC50s from the same acute exposure series.,2,1 | 2,1,2,52.40134597736312,14.713979810339554,0.2807939287799182,-1.270134228218359,Lower LC50 at longer duration,-71.92060712200818,WoS_supplemental,SOURCE_VERIFIED_SAME_SERIES,YES,YES
W_008,W_008_T02,Neocalanus plumchrus,Zn,Copepodite IV–V,NO,Cherkashin (2020): 24-h and 48-h Zn LC50s from the same acute exposure series.,2,1 | 2,1,2,91.55705108595902,67.00825940654637,0.7318743735382561,-0.3121464005987455,Lower LC50 at longer duration,-26.81256264617439,WoS_supplemental,SOURCE_VERIFIED_SAME_SERIES,YES,YES
