Scope,Unit_scheme,Metal,Comparison,Earlier_h,Later_h,Matched_series,References,Units,Ratio_later_earlier,Percent_change,CI95_low,CI95_high,Interval_status,Lower_later_units,Higher_later_units,Tied_units,Sign_p,Leave_one_unit_out_min,Leave_one_unit_out_max,Support_note,Sign_p_Holm
ALL_VERIFIED,REFERENCE,ALL_METALS,24-48,24,48,7,5,5,0.5066683182402458,-49.333168175975416,0.2896225384722507,0.8863701908786189,POINTWISE_T_INTERVAL_ASSUMPTION_DEPENDENT,5,0,0,0.0625,0.4381752775542196,0.597688668108109,REPORT_SMALL_UNIT_COUNTS,0.1875
ALL_VERIFIED,REFERENCE,ALL_METALS,24-72,24,72,5,4,4,0.3575530564397688,-64.24469435602312,0.13304602969133253,0.9609019409750116,POINTWISE_T_INTERVAL_ASSUMPTION_DEPENDENT,4,0,0,0.125,0.2749590098413088,0.45629073280962856,REPORT_SMALL_UNIT_COUNTS,0.25
ALL_VERIFIED,REFERENCE,ALL_METALS,24-96,24,96,5,4,4,0.2699229871230598,-73.00770128769403,0.08674229929306365,0.839941061872009,POINTWISE_T_INTERVAL_ASSUMPTION_DEPENDENT,4,0,0,0.125,0.19732951971962473,0.3518532692555155,REPORT_SMALL_UNIT_COUNTS,0.25
ALL_VERIFIED,REFERENCE,ALL_METALS,48-72,48,72,9,7,7,0.5901903806146673,-40.98096193853327,0.4670229439874712,0.7458406270066045,POINTWISE_T_INTERVAL_ASSUMPTION_DEPENDENT,7,0,0,0.015625000000000007,0.5534380392494145,0.6242016257314714,REPORT_SMALL_UNIT_COUNTS,0.09375000000000004
ALL_VERIFIED,REFERENCE,ALL_METALS,48-96,48,96,9,7,7,0.39877006325400677,-60.12299367459932,0.25152407991692194,0.6322160621763444,POINTWISE_T_INTERVAL_ASSUMPTION_DEPENDENT,7,0,0,0.015625000000000007,0.3579180747416539,0.4586845089189211,REPORT_SMALL_UNIT_COUNTS,0.09375000000000004
ALL_VERIFIED,REFERENCE,ALL_METALS,72-96,72,96,13,7,7,0.6316729612116356,-36.83270387883644,0.5038478221803476,0.7919270707556109,POINTWISE_T_INTERVAL_ASSUMPTION_DEPENDENT,7,0,0,0.015625000000000007,0.5978654672827349,0.6709714536960355,REPORT_SMALL_UNIT_COUNTS,0.09375000000000004
ALL_VERIFIED,REFERENCE,Cd,24-48,24,48,0,0,0,NA,NA,NA,NA,FEWER_THAN_TWO_UNITS,0,0,0,NA,NA,NA,NO_MATCHED_PAIR,NA
ALL_VERIFIED,REFERENCE,Cd,24-72,24,72,0,0,0,NA,NA,NA,NA,FEWER_THAN_TWO_UNITS,0,0,0,NA,NA,NA,NO_MATCHED_PAIR,NA
ALL_VERIFIED,REFERENCE,Cd,24-96,24,96,0,0,0,NA,NA,NA,NA,FEWER_THAN_TWO_UNITS,0,0,0,NA,NA,NA,NO_MATCHED_PAIR,NA
ALL_VERIFIED,REFERENCE,Cd,48-72,48,72,2,2,2,0.4690951000254152,-53.09048999745848,0.17797044221139016,1.2364424683874333,POINTWISE_T_INTERVAL_ASSUMPTION_DEPENDENT,2,0,0,0.5,0.4346446353340263,0.506276150627615,REPORT_SMALL_UNIT_COUNTS,1
ALL_VERIFIED,REFERENCE,Cd,48-96,48,96,1,1,1,0.24632051211905678,-75.36794878809432,NA,NA,FEWER_THAN_TWO_UNITS,1,0,0,NA,NA,NA,ONE_UNIT_DESCRIPTIVE_ONLY,NA
ALL_VERIFIED,REFERENCE,Cd,72-96,72,96,4,1,1,0.5023019071619892,-49.76980928380108,NA,NA,FEWER_THAN_TWO_UNITS,1,0,0,NA,NA,NA,ONE_UNIT_DESCRIPTIVE_ONLY,NA
ALL_VERIFIED,REFERENCE,Cu,24-48,24,48,0,0,0,NA,NA,NA,NA,FEWER_THAN_TWO_UNITS,0,0,0,NA,NA,NA,NO_MATCHED_PAIR,NA
ALL_VERIFIED,REFERENCE,Cu,24-72,24,72,0,0,0,NA,NA,NA,NA,FEWER_THAN_TWO_UNITS,0,0,0,NA,NA,NA,NO_MATCHED_PAIR,NA
ALL_VERIFIED,REFERENCE,Cu,24-96,24,96,0,0,0,NA,NA,NA,NA,FEWER_THAN_TWO_UNITS,0,0,0,NA,NA,NA,NO_MATCHED_PAIR,NA
ALL_VERIFIED,REFERENCE,Cu,48-72,48,72,2,2,2,0.46412143186066807,-53.587856813933186,0.013453158764395512,16.01175659076343,POINTWISE_T_INTERVAL_ASSUMPTION_DEPENDENT,2,0,0,0.5,0.35123966942148765,0.6132812500000001,REPORT_SMALL_UNIT_COUNTS,1
ALL_VERIFIED,REFERENCE,Cu,48-96,48,96,1,1,1,0.17217630853994492,-82.78236914600551,NA,NA,FEWER_THAN_TWO_UNITS,1,0,0,NA,NA,NA,ONE_UNIT_DESCRIPTIVE_ONLY,NA
ALL_VERIFIED,REFERENCE,Cu,72-96,72,96,3,2,2,0.4016125881038255,-59.83874118961745,0.0059698191129422306,27.01801643768061,POINTWISE_T_INTERVAL_ASSUMPTION_DEPENDENT,2,0,0,0.5,0.28837174498435547,0.5593220338983049,REPORT_SMALL_UNIT_COUNTS,1
ALL_VERIFIED,REFERENCE,Hg,24-48,24,48,4,3,3,0.4996170298189273,-50.03829701810727,0.10642110392953609,2.3455608640403156,POINTWISE_T_INTERVAL_ASSUMPTION_DEPENDENT,3,0,0,0.25000000000000006,0.37105835803413195,0.6903932257890728,REPORT_SMALL_UNIT_COUNTS,1
ALL_VERIFIED,REFERENCE,Hg,24-72,24,72,4,3,3,0.362378895692283,-63.7621104307717,0.054831234942628294,2.3949572571283744,POINTWISE_T_INTERVAL_ASSUMPTION_DEPENDENT,3,0,0,0.25000000000000006,0.24601709665269356,0.5259274378721893,REPORT_SMALL_UNIT_COUNTS,1
ALL_VERIFIED,REFERENCE,Hg,24-96,24,96,4,3,3,0.27464001145270994,-72.53599885472902,0.03142231009100167,2.4004325484759477,POINTWISE_T_INTERVAL_ASSUMPTION_DEPENDENT,3,0,0,0.25000000000000006,0.17316258413084953,0.41229527328550314,REPORT_SMALL_UNIT_COUNTS,1
ALL_VERIFIED,REFERENCE,Hg,48-72,48,72,4,3,3,0.725313338145454,-27.468666185454605,0.49257493833625154,1.0680190922189765,POINTWISE_T_INTERVAL_ASSUMPTION_DEPENDENT,3,0,0,0.25000000000000006,0.6630145671858537,0.7617795456655732,REPORT_SMALL_UNIT_COUNTS,1
ALL_VERIFIED,REFERENCE,Hg,48-96,48,96,6,4,4,0.5433162308987719,-45.66837691012281,0.3751497613380246,0.7868658258110088,POINTWISE_T_INTERVAL_ASSUMPTION_DEPENDENT,4,0,0,0.125,0.4852343719235873,0.5719414253308712,REPORT_SMALL_UNIT_COUNTS,0.75
ALL_VERIFIED,REFERENCE,Hg,72-96,72,96,4,3,3,0.7578808112653524,-24.211918873464754,0.5511437304450991,1.0421661217489702,POINTWISE_T_INTERVAL_ASSUMPTION_DEPENDENT,3,0,0,0.25000000000000006,0.7038640260652537,0.7889172233270542,REPORT_SMALL_UNIT_COUNTS,1
ALL_VERIFIED,REFERENCE,Ni,24-48,24,48,1,1,1,0.5906020060595796,-40.93979939404204,NA,NA,FEWER_THAN_TWO_UNITS,1,0,0,NA,NA,NA,ONE_UNIT_DESCRIPTIVE_ONLY,NA
ALL_VERIFIED,REFERENCE,Ni,24-72,24,72,1,1,1,0.34345772408212427,-65.65422759178757,NA,NA,FEWER_THAN_TWO_UNITS,1,0,0,NA,NA,NA,ONE_UNIT_DESCRIPTIVE_ONLY,NA
ALL_VERIFIED,REFERENCE,Ni,24-96,24,96,1,1,1,0.2562524699373342,-74.37475300626659,NA,NA,FEWER_THAN_TWO_UNITS,1,0,0,NA,NA,NA,ONE_UNIT_DESCRIPTIVE_ONLY,NA
ALL_VERIFIED,REFERENCE,Ni,48-72,48,72,1,1,1,0.5815383634973236,-41.84616365026764,NA,NA,FEWER_THAN_TWO_UNITS,1,0,0,NA,NA,NA,ONE_UNIT_DESCRIPTIVE_ONLY,NA
ALL_VERIFIED,REFERENCE,Ni,48-96,48,96,1,1,1,0.4338835075197553,-56.61164924802446,NA,NA,FEWER_THAN_TWO_UNITS,1,0,0,NA,NA,NA,ONE_UNIT_DESCRIPTIVE_ONLY,NA
ALL_VERIFIED,REFERENCE,Ni,72-96,72,96,2,2,2,0.8735289542807132,-12.64710457192868,0.11779428665871489,6.47784247955546,POINTWISE_T_INTERVAL_ASSUMPTION_DEPENDENT,1,1,0,1,0.7460961043230507,1.0227272727272725,REPORT_SMALL_UNIT_COUNTS,1
ALL_VERIFIED,REFERENCE,Zn,24-48,24,48,2,1,1,0.45332756448196304,-54.6672435518037,NA,NA,FEWER_THAN_TWO_UNITS,1,0,0,NA,NA,NA,ONE_UNIT_DESCRIPTIVE_ONLY,NA
ALL_VERIFIED,REFERENCE,Zn,24-72,24,72,0,0,0,NA,NA,NA,NA,FEWER_THAN_TWO_UNITS,0,0,0,NA,NA,NA,NO_MATCHED_PAIR,NA
ALL_VERIFIED,REFERENCE,Zn,24-96,24,96,0,0,0,NA,NA,NA,NA,FEWER_THAN_TWO_UNITS,0,0,0,NA,NA,NA,NO_MATCHED_PAIR,NA
ALL_VERIFIED,REFERENCE,Zn,48-72,48,72,0,0,0,NA,NA,NA,NA,FEWER_THAN_TWO_UNITS,0,0,0,NA,NA,NA,NO_MATCHED_PAIR,NA
ALL_VERIFIED,REFERENCE,Zn,48-96,48,96,0,0,0,NA,NA,NA,NA,FEWER_THAN_TWO_UNITS,0,0,0,NA,NA,NA,NO_MATCHED_PAIR,NA
ALL_VERIFIED,REFERENCE,Zn,72-96,72,96,0,0,0,NA,NA,NA,NA,FEWER_THAN_TWO_UNITS,0,0,0,NA,NA,NA,NO_MATCHED_PAIR,NA
ALL_VERIFIED,SHARED_ORIGIN_SENSITIVITY,ALL_METALS,24-48,24,48,7,5,5,0.5066683182402458,-49.333168175975416,0.2896225384722507,0.8863701908786189,POINTWISE_T_INTERVAL_ASSUMPTION_DEPENDENT,5,0,0,0.0625,0.4381752775542196,0.597688668108109,REPORT_SMALL_UNIT_COUNTS,0.18750000000000006
ALL_VERIFIED,SHARED_ORIGIN_SENSITIVITY,ALL_METALS,24-72,24,72,5,4,4,0.3575530564397688,-64.24469435602312,0.13304602969133253,0.9609019409750116,POINTWISE_T_INTERVAL_ASSUMPTION_DEPENDENT,4,0,0,0.125,0.2749590098413088,0.45629073280962856,REPORT_SMALL_UNIT_COUNTS,0.25
ALL_VERIFIED,SHARED_ORIGIN_SENSITIVITY,ALL_METALS,24-96,24,96,5,4,4,0.2699229871230598,-73.00770128769403,0.08674229929306365,0.839941061872009,POINTWISE_T_INTERVAL_ASSUMPTION_DEPENDENT,4,0,0,0.125,0.19732951971962473,0.3518532692555155,REPORT_SMALL_UNIT_COUNTS,0.25
ALL_VERIFIED,SHARED_ORIGIN_SENSITIVITY,ALL_METALS,48-72,48,72,9,7,6,0.6221069136000031,-37.78930863999969,0.48804916968246065,0.7929877479368045,POINTWISE_T_INTERVAL_ASSUMPTION_DEPENDENT,6,0,0,0.03125000000000001,0.5820118981908333,0.6710625608116821,REPORT_SMALL_UNIT_COUNTS,0.18750000000000006
ALL_VERIFIED,SHARED_ORIGIN_SENSITIVITY,ALL_METALS,48-96,48,96,9,7,6,0.4451982762587929,-55.480172374120706,0.28408906608661977,0.6976738243187723,POINTWISE_T_INTERVAL_ASSUMPTION_DEPENDENT,6,0,0,0.03125000000000001,0.39975413036666124,0.5194177323205009,REPORT_SMALL_UNIT_COUNTS,0.18750000000000006
ALL_VERIFIED,SHARED_ORIGIN_SENSITIVITY,ALL_METALS,72-96,72,96,13,7,6,0.6646293840903773,-33.53706159096227,0.5277836883166375,0.8369569351513234,POINTWISE_T_INTERVAL_ASSUMPTION_DEPENDENT,6,0,0,0.03125000000000001,0.6285363607186439,0.7109710006384233,REPORT_SMALL_UNIT_COUNTS,0.18750000000000006
ALL_VERIFIED,SHARED_ORIGIN_SENSITIVITY,Cd,24-48,24,48,0,0,0,NA,NA,NA,NA,FEWER_THAN_TWO_UNITS,0,0,0,NA,NA,NA,NO_MATCHED_PAIR,NA
ALL_VERIFIED,SHARED_ORIGIN_SENSITIVITY,Cd,24-72,24,72,0,0,0,NA,NA,NA,NA,FEWER_THAN_TWO_UNITS,0,0,0,NA,NA,NA,NO_MATCHED_PAIR,NA
ALL_VERIFIED,SHARED_ORIGIN_SENSITIVITY,Cd,24-96,24,96,0,0,0,NA,NA,NA,NA,FEWER_THAN_TWO_UNITS,0,0,0,NA,NA,NA,NO_MATCHED_PAIR,NA
ALL_VERIFIED,SHARED_ORIGIN_SENSITIVITY,Cd,48-72,48,72,2,2,1,0.4690951000254152,-53.09048999745848,NA,NA,FEWER_THAN_TWO_UNITS,1,0,0,NA,NA,NA,ONE_UNIT_DESCRIPTIVE_ONLY,NA
ALL_VERIFIED,SHARED_ORIGIN_SENSITIVITY,Cd,48-96,48,96,1,1,1,0.24632051211905678,-75.36794878809432,NA,NA,FEWER_THAN_TWO_UNITS,1,0,0,NA,NA,NA,ONE_UNIT_DESCRIPTIVE_ONLY,NA
ALL_VERIFIED,SHARED_ORIGIN_SENSITIVITY,Cd,72-96,72,96,4,1,1,0.5023019071619892,-49.76980928380108,NA,NA,FEWER_THAN_TWO_UNITS,1,0,0,NA,NA,NA,ONE_UNIT_DESCRIPTIVE_ONLY,NA
ALL_VERIFIED,SHARED_ORIGIN_SENSITIVITY,Cu,24-48,24,48,0,0,0,NA,NA,NA,NA,FEWER_THAN_TWO_UNITS,0,0,0,NA,NA,NA,NO_MATCHED_PAIR,NA
ALL_VERIFIED,SHARED_ORIGIN_SENSITIVITY,Cu,24-72,24,72,0,0,0,NA,NA,NA,NA,FEWER_THAN_TWO_UNITS,0,0,0,NA,NA,NA,NO_MATCHED_PAIR,NA
ALL_VERIFIED,SHARED_ORIGIN_SENSITIVITY,Cu,24-96,24,96,0,0,0,NA,NA,NA,NA,FEWER_THAN_TWO_UNITS,0,0,0,NA,NA,NA,NO_MATCHED_PAIR,NA
ALL_VERIFIED,SHARED_ORIGIN_SENSITIVITY,Cu,48-72,48,72,2,2,2,0.46412143186066807,-53.587856813933186,0.013453158764395512,16.01175659076343,POINTWISE_T_INTERVAL_ASSUMPTION_DEPENDENT,2,0,0,0.5,0.35123966942148765,0.6132812500000001,REPORT_SMALL_UNIT_COUNTS,1
ALL_VERIFIED,SHARED_ORIGIN_SENSITIVITY,Cu,48-96,48,96,1,1,1,0.17217630853994492,-82.78236914600551,NA,NA,FEWER_THAN_TWO_UNITS,1,0,0,NA,NA,NA,ONE_UNIT_DESCRIPTIVE_ONLY,NA
ALL_VERIFIED,SHARED_ORIGIN_SENSITIVITY,Cu,72-96,72,96,3,2,2,0.4016125881038255,-59.83874118961745,0.0059698191129422306,27.01801643768061,POINTWISE_T_INTERVAL_ASSUMPTION_DEPENDENT,2,0,0,0.5,0.28837174498435547,0.5593220338983049,REPORT_SMALL_UNIT_COUNTS,1
ALL_VERIFIED,SHARED_ORIGIN_SENSITIVITY,Hg,24-48,24,48,4,3,3,0.4996170298189273,-50.03829701810727,0.10642110392953609,2.3455608640403156,POINTWISE_T_INTERVAL_ASSUMPTION_DEPENDENT,3,0,0,0.25000000000000006,0.37105835803413195,0.6903932257890728,REPORT_SMALL_UNIT_COUNTS,1
ALL_VERIFIED,SHARED_ORIGIN_SENSITIVITY,Hg,24-72,24,72,4,3,3,0.362378895692283,-63.7621104307717,0.054831234942628294,2.3949572571283744,POINTWISE_T_INTERVAL_ASSUMPTION_DEPENDENT,3,0,0,0.25000000000000006,0.24601709665269356,0.5259274378721893,REPORT_SMALL_UNIT_COUNTS,1
ALL_VERIFIED,SHARED_ORIGIN_SENSITIVITY,Hg,24-96,24,96,4,3,3,0.27464001145270994,-72.53599885472902,0.03142231009100167,2.4004325484759477,POINTWISE_T_INTERVAL_ASSUMPTION_DEPENDENT,3,0,0,0.25000000000000006,0.17316258413084953,0.41229527328550314,REPORT_SMALL_UNIT_COUNTS,1
ALL_VERIFIED,SHARED_ORIGIN_SENSITIVITY,Hg,48-72,48,72,4,3,3,0.725313338145454,-27.468666185454605,0.49257493833625154,1.0680190922189765,POINTWISE_T_INTERVAL_ASSUMPTION_DEPENDENT,3,0,0,0.25000000000000006,0.6630145671858537,0.7617795456655732,REPORT_SMALL_UNIT_COUNTS,1
ALL_VERIFIED,SHARED_ORIGIN_SENSITIVITY,Hg,48-96,48,96,6,4,4,0.5433162308987719,-45.66837691012281,0.3751497613380246,0.7868658258110088,POINTWISE_T_INTERVAL_ASSUMPTION_DEPENDENT,4,0,0,0.125,0.4852343719235873,0.5719414253308712,REPORT_SMALL_UNIT_COUNTS,0.75
ALL_VERIFIED,SHARED_ORIGIN_SENSITIVITY,Hg,72-96,72,96,4,3,3,0.7578808112653524,-24.211918873464754,0.5511437304450991,1.0421661217489702,POINTWISE_T_INTERVAL_ASSUMPTION_DEPENDENT,3,0,0,0.25000000000000006,0.7038640260652537,0.7889172233270542,REPORT_SMALL_UNIT_COUNTS,1
ALL_VERIFIED,SHARED_ORIGIN_SENSITIVITY,Ni,24-48,24,48,1,1,1,0.5906020060595796,-40.93979939404204,NA,NA,FEWER_THAN_TWO_UNITS,1,0,0,NA,NA,NA,ONE_UNIT_DESCRIPTIVE_ONLY,NA
ALL_VERIFIED,SHARED_ORIGIN_SENSITIVITY,Ni,24-72,24,72,1,1,1,0.34345772408212427,-65.65422759178757,NA,NA,FEWER_THAN_TWO_UNITS,1,0,0,NA,NA,NA,ONE_UNIT_DESCRIPTIVE_ONLY,NA
ALL_VERIFIED,SHARED_ORIGIN_SENSITIVITY,Ni,24-96,24,96,1,1,1,0.2562524699373342,-74.37475300626659,NA,NA,FEWER_THAN_TWO_UNITS,1,0,0,NA,NA,NA,ONE_UNIT_DESCRIPTIVE_ONLY,NA
ALL_VERIFIED,SHARED_ORIGIN_SENSITIVITY,Ni,48-72,48,72,1,1,1,0.5815383634973236,-41.84616365026764,NA,NA,FEWER_THAN_TWO_UNITS,1,0,0,NA,NA,NA,ONE_UNIT_DESCRIPTIVE_ONLY,NA
ALL_VERIFIED,SHARED_ORIGIN_SENSITIVITY,Ni,48-96,48,96,1,1,1,0.4338835075197553,-56.61164924802446,NA,NA,FEWER_THAN_TWO_UNITS,1,0,0,NA,NA,NA,ONE_UNIT_DESCRIPTIVE_ONLY,NA
ALL_VERIFIED,SHARED_ORIGIN_SENSITIVITY,Ni,72-96,72,96,2,2,2,0.8735289542807132,-12.64710457192868,0.11779428665871489,6.47784247955546,POINTWISE_T_INTERVAL_ASSUMPTION_DEPENDENT,1,1,0,1,0.7460961043230507,1.0227272727272725,REPORT_SMALL_UNIT_COUNTS,1
ALL_VERIFIED,SHARED_ORIGIN_SENSITIVITY,Zn,24-48,24,48,2,1,1,0.45332756448196304,-54.6672435518037,NA,NA,FEWER_THAN_TWO_UNITS,1,0,0,NA,NA,NA,ONE_UNIT_DESCRIPTIVE_ONLY,NA
ALL_VERIFIED,SHARED_ORIGIN_SENSITIVITY,Zn,24-72,24,72,0,0,0,NA,NA,NA,NA,FEWER_THAN_TWO_UNITS,0,0,0,NA,NA,NA,NO_MATCHED_PAIR,NA
ALL_VERIFIED,SHARED_ORIGIN_SENSITIVITY,Zn,24-96,24,96,0,0,0,NA,NA,NA,NA,FEWER_THAN_TWO_UNITS,0,0,0,NA,NA,NA,NO_MATCHED_PAIR,NA
ALL_VERIFIED,SHARED_ORIGIN_SENSITIVITY,Zn,48-72,48,72,0,0,0,NA,NA,NA,NA,FEWER_THAN_TWO_UNITS,0,0,0,NA,NA,NA,NO_MATCHED_PAIR,NA
ALL_VERIFIED,SHARED_ORIGIN_SENSITIVITY,Zn,48-96,48,96,0,0,0,NA,NA,NA,NA,FEWER_THAN_TWO_UNITS,0,0,0,NA,NA,NA,NO_MATCHED_PAIR,NA
ALL_VERIFIED,SHARED_ORIGIN_SENSITIVITY,Zn,72-96,72,96,0,0,0,NA,NA,NA,NA,FEWER_THAN_TWO_UNITS,0,0,0,NA,NA,NA,NO_MATCHED_PAIR,NA
PAIR_WITHOUT_FLAGGED_TIMES,REFERENCE,ALL_METALS,24-48,24,48,4,2,2,0.6407958565229663,-35.920414347703364,0.00788643929215434,52.06650486050126,POINTWISE_T_INTERVAL_ASSUMPTION_DEPENDENT,2,0,0,0.5,0.45332756448196304,0.9057894597833126,REPORT_SMALL_UNIT_COUNTS,1
PAIR_WITHOUT_FLAGGED_TIMES,REFERENCE,ALL_METALS,24-72,24,72,2,1,1,0.7862453931068965,-21.375460689310355,NA,NA,FEWER_THAN_TWO_UNITS,1,0,0,NA,NA,NA,ONE_UNIT_DESCRIPTIVE_ONLY,NA
PAIR_WITHOUT_FLAGGED_TIMES,REFERENCE,ALL_METALS,24-96,24,96,2,1,1,0.6908492797077574,-30.915072029224255,NA,NA,FEWER_THAN_TWO_UNITS,1,0,0,NA,NA,NA,ONE_UNIT_DESCRIPTIVE_ONLY,NA
PAIR_WITHOUT_FLAGGED_TIMES,REFERENCE,ALL_METALS,48-72,48,72,8,6,6,0.5780554772313293,-42.19445227686707,0.43513900242845194,0.7679112488016573,POINTWISE_T_INTERVAL_ASSUMPTION_DEPENDENT,6,0,0,0.03125000000000001,0.5329141532803667,0.615693150011833,REPORT_SMALL_UNIT_COUNTS,0.15625000000000003
PAIR_WITHOUT_FLAGGED_TIMES,REFERENCE,ALL_METALS,48-96,48,96,8,6,6,0.3883276977059765,-61.16723022940235,0.2202413332542328,0.6846961856680738,POINTWISE_T_INTERVAL_ASSUMPTION_DEPENDENT,6,0,0,0.03125000000000001,0.3392866973366881,0.4569233614356548,REPORT_SMALL_UNIT_COUNTS,0.15625000000000003
PAIR_WITHOUT_FLAGGED_TIMES,REFERENCE,ALL_METALS,72-96,72,96,12,7,7,0.6307208007527233,-36.92791992472767,0.5023088568065754,0.791960410635047,POINTWISE_T_INTERVAL_ASSUMPTION_DEPENDENT,7,0,0,0.015625000000000007,0.5968141990664572,0.6697916381657856,REPORT_SMALL_UNIT_COUNTS,0.09375000000000004
PAIR_WITHOUT_FLAGGED_TIMES,REFERENCE,Cd,24-48,24,48,0,0,0,NA,NA,NA,NA,FEWER_THAN_TWO_UNITS,0,0,0,NA,NA,NA,NO_MATCHED_PAIR,NA
PAIR_WITHOUT_FLAGGED_TIMES,REFERENCE,Cd,24-72,24,72,0,0,0,NA,NA,NA,NA,FEWER_THAN_TWO_UNITS,0,0,0,NA,NA,NA,NO_MATCHED_PAIR,NA
PAIR_WITHOUT_FLAGGED_TIMES,REFERENCE,Cd,24-96,24,96,0,0,0,NA,NA,NA,NA,FEWER_THAN_TWO_UNITS,0,0,0,NA,NA,NA,NO_MATCHED_PAIR,NA
PAIR_WITHOUT_FLAGGED_TIMES,REFERENCE,Cd,48-72,48,72,2,2,2,0.4690951000254152,-53.09048999745848,0.17797044221139016,1.2364424683874333,POINTWISE_T_INTERVAL_ASSUMPTION_DEPENDENT,2,0,0,0.5,0.4346446353340263,0.506276150627615,REPORT_SMALL_UNIT_COUNTS,1
PAIR_WITHOUT_FLAGGED_TIMES,REFERENCE,Cd,48-96,48,96,1,1,1,0.24632051211905678,-75.36794878809432,NA,NA,FEWER_THAN_TWO_UNITS,1,0,0,NA,NA,NA,ONE_UNIT_DESCRIPTIVE_ONLY,NA
PAIR_WITHOUT_FLAGGED_TIMES,REFERENCE,Cd,72-96,72,96,3,1,1,0.4970257551615705,-50.29742448384296,NA,NA,FEWER_THAN_TWO_UNITS,1,0,0,NA,NA,NA,ONE_UNIT_DESCRIPTIVE_ONLY,NA
PAIR_WITHOUT_FLAGGED_TIMES,REFERENCE,Cu,24-48,24,48,0,0,0,NA,NA,NA,NA,FEWER_THAN_TWO_UNITS,0,0,0,NA,NA,NA,NO_MATCHED_PAIR,NA
PAIR_WITHOUT_FLAGGED_TIMES,REFERENCE,Cu,24-72,24,72,0,0,0,NA,NA,NA,NA,FEWER_THAN_TWO_UNITS,0,0,0,NA,NA,NA,NO_MATCHED_PAIR,NA
PAIR_WITHOUT_FLAGGED_TIMES,REFERENCE,Cu,24-96,24,96,0,0,0,NA,NA,NA,NA,FEWER_THAN_TWO_UNITS,0,0,0,NA,NA,NA,NO_MATCHED_PAIR,NA
PAIR_WITHOUT_FLAGGED_TIMES,REFERENCE,Cu,48-72,48,72,2,2,2,0.46412143186066807,-53.587856813933186,0.013453158764395512,16.01175659076343,POINTWISE_T_INTERVAL_ASSUMPTION_DEPENDENT,2,0,0,0.5,0.35123966942148765,0.6132812500000001,REPORT_SMALL_UNIT_COUNTS,1
PAIR_WITHOUT_FLAGGED_TIMES,REFERENCE,Cu,48-96,48,96,1,1,1,0.17217630853994492,-82.78236914600551,NA,NA,FEWER_THAN_TWO_UNITS,1,0,0,NA,NA,NA,ONE_UNIT_DESCRIPTIVE_ONLY,NA
PAIR_WITHOUT_FLAGGED_TIMES,REFERENCE,Cu,72-96,72,96,3,2,2,0.4016125881038255,-59.83874118961745,0.0059698191129422306,27.01801643768061,POINTWISE_T_INTERVAL_ASSUMPTION_DEPENDENT,2,0,0,0.5,0.28837174498435547,0.5593220338983049,REPORT_SMALL_UNIT_COUNTS,1
PAIR_WITHOUT_FLAGGED_TIMES,REFERENCE,Hg,24-48,24,48,2,1,1,0.9057894597833126,-9.42105402166874,NA,NA,FEWER_THAN_TWO_UNITS,1,0,0,NA,NA,NA,ONE_UNIT_DESCRIPTIVE_ONLY,NA
PAIR_WITHOUT_FLAGGED_TIMES,REFERENCE,Hg,24-72,24,72,2,1,1,0.7862453931068965,-21.375460689310355,NA,NA,FEWER_THAN_TWO_UNITS,1,0,0,NA,NA,NA,ONE_UNIT_DESCRIPTIVE_ONLY,NA
PAIR_WITHOUT_FLAGGED_TIMES,REFERENCE,Hg,24-96,24,96,2,1,1,0.6908492797077574,-30.915072029224255,NA,NA,FEWER_THAN_TWO_UNITS,1,0,0,NA,NA,NA,ONE_UNIT_DESCRIPTIVE_ONLY,NA
PAIR_WITHOUT_FLAGGED_TIMES,REFERENCE,Hg,48-72,48,72,3,2,2,0.7554828572496658,-24.45171427503342,0.12940802858845485,4.410501835347786,POINTWISE_T_INTERVAL_ASSUMPTION_DEPENDENT,2,0,0,0.5,0.6575342465753424,0.8680222369721391,REPORT_SMALL_UNIT_COUNTS,1
PAIR_WITHOUT_FLAGGED_TIMES,REFERENCE,Hg,48-96,48,96,5,3,3,0.5711905733433421,-42.88094266566579,0.3013757783637549,1.0825643415925343,POINTWISE_T_INTERVAL_ASSUMPTION_DEPENDENT,3,0,0,0.25000000000000006,0.49430331605133504,0.6325480462916808,REPORT_SMALL_UNIT_COUNTS,1
PAIR_WITHOUT_FLAGGED_TIMES,REFERENCE,Hg,72-96,72,96,4,3,3,0.7578808112653524,-24.211918873464754,0.5511437304450991,1.0421661217489702,POINTWISE_T_INTERVAL_ASSUMPTION_DEPENDENT,3,0,0,0.25000000000000006,0.7038640260652537,0.7889172233270542,REPORT_SMALL_UNIT_COUNTS,1
PAIR_WITHOUT_FLAGGED_TIMES,REFERENCE,Ni,24-48,24,48,0,0,0,NA,NA,NA,NA,FEWER_THAN_TWO_UNITS,0,0,0,NA,NA,NA,NO_MATCHED_PAIR,NA
PAIR_WITHOUT_FLAGGED_TIMES,REFERENCE,Ni,24-72,24,72,0,0,0,NA,NA,NA,NA,FEWER_THAN_TWO_UNITS,0,0,0,NA,NA,NA,NO_MATCHED_PAIR,NA
PAIR_WITHOUT_FLAGGED_TIMES,REFERENCE,Ni,24-96,24,96,0,0,0,NA,NA,NA,NA,FEWER_THAN_TWO_UNITS,0,0,0,NA,NA,NA,NO_MATCHED_PAIR,NA
PAIR_WITHOUT_FLAGGED_TIMES,REFERENCE,Ni,48-72,48,72,1,1,1,0.5815383634973236,-41.84616365026764,NA,NA,FEWER_THAN_TWO_UNITS,1,0,0,NA,NA,NA,ONE_UNIT_DESCRIPTIVE_ONLY,NA
PAIR_WITHOUT_FLAGGED_TIMES,REFERENCE,Ni,48-96,48,96,1,1,1,0.4338835075197553,-56.61164924802446,NA,NA,FEWER_THAN_TWO_UNITS,1,0,0,NA,NA,NA,ONE_UNIT_DESCRIPTIVE_ONLY,NA
PAIR_WITHOUT_FLAGGED_TIMES,REFERENCE,Ni,72-96,72,96,2,2,2,0.8735289542807132,-12.64710457192868,0.11779428665871489,6.47784247955546,POINTWISE_T_INTERVAL_ASSUMPTION_DEPENDENT,1,1,0,1,0.7460961043230507,1.0227272727272725,REPORT_SMALL_UNIT_COUNTS,1
PAIR_WITHOUT_FLAGGED_TIMES,REFERENCE,Zn,24-48,24,48,2,1,1,0.45332756448196304,-54.6672435518037,NA,NA,FEWER_THAN_TWO_UNITS,1,0,0,NA,NA,NA,ONE_UNIT_DESCRIPTIVE_ONLY,NA
PAIR_WITHOUT_FLAGGED_TIMES,REFERENCE,Zn,24-72,24,72,0,0,0,NA,NA,NA,NA,FEWER_THAN_TWO_UNITS,0,0,0,NA,NA,NA,NO_MATCHED_PAIR,NA
PAIR_WITHOUT_FLAGGED_TIMES,REFERENCE,Zn,24-96,24,96,0,0,0,NA,NA,NA,NA,FEWER_THAN_TWO_UNITS,0,0,0,NA,NA,NA,NO_MATCHED_PAIR,NA
PAIR_WITHOUT_FLAGGED_TIMES,REFERENCE,Zn,48-72,48,72,0,0,0,NA,NA,NA,NA,FEWER_THAN_TWO_UNITS,0,0,0,NA,NA,NA,NO_MATCHED_PAIR,NA
PAIR_WITHOUT_FLAGGED_TIMES,REFERENCE,Zn,48-96,48,96,0,0,0,NA,NA,NA,NA,FEWER_THAN_TWO_UNITS,0,0,0,NA,NA,NA,NO_MATCHED_PAIR,NA
PAIR_WITHOUT_FLAGGED_TIMES,REFERENCE,Zn,72-96,72,96,0,0,0,NA,NA,NA,NA,FEWER_THAN_TWO_UNITS,0,0,0,NA,NA,NA,NO_MATCHED_PAIR,NA
PAIR_WITHOUT_FLAGGED_TIMES,SHARED_ORIGIN_SENSITIVITY,ALL_METALS,24-48,24,48,4,2,2,0.6407958565229663,-35.920414347703364,0.00788643929215434,52.06650486050126,POINTWISE_T_INTERVAL_ASSUMPTION_DEPENDENT,2,0,0,0.5,0.45332756448196304,0.9057894597833126,REPORT_SMALL_UNIT_COUNTS,1
PAIR_WITHOUT_FLAGGED_TIMES,SHARED_ORIGIN_SENSITIVITY,ALL_METALS,24-72,24,72,2,1,1,0.7862453931068965,-21.375460689310355,NA,NA,FEWER_THAN_TWO_UNITS,1,0,0,NA,NA,NA,ONE_UNIT_DESCRIPTIVE_ONLY,NA
PAIR_WITHOUT_FLAGGED_TIMES,SHARED_ORIGIN_SENSITIVITY,ALL_METALS,24-96,24,96,2,1,1,0.6908492797077574,-30.915072029224255,NA,NA,FEWER_THAN_TWO_UNITS,1,0,0,NA,NA,NA,ONE_UNIT_DESCRIPTIVE_ONLY,NA
PAIR_WITHOUT_FLAGGED_TIMES,SHARED_ORIGIN_SENSITIVITY,ALL_METALS,48-72,48,72,8,6,5,0.6132145917985571,-38.67854082014429,0.44649349216466006,0.8421895104710642,POINTWISE_T_INTERVAL_ASSUMPTION_DEPENDENT,5,0,0,0.0625,0.5621897044503621,0.671694545077216,REPORT_SMALL_UNIT_COUNTS,0.3125
PAIR_WITHOUT_FLAGGED_TIMES,SHARED_ORIGIN_SENSITIVITY,ALL_METALS,48-96,48,96,8,6,5,0.4408497962872632,-55.915020371273684,0.24356548076731183,0.7979313910750375,POINTWISE_T_INTERVAL_ASSUMPTION_DEPENDENT,5,0,0,0.0625,0.3843919587870245,0.5332477837813061,REPORT_SMALL_UNIT_COUNTS,0.3125
PAIR_WITHOUT_FLAGGED_TIMES,SHARED_ORIGIN_SENSITIVITY,ALL_METALS,72-96,72,96,12,7,6,0.6629945514796464,-33.700544852035364,0.5239670459323708,0.8389111084448475,POINTWISE_T_INTERVAL_ASSUMPTION_DEPENDENT,6,0,0,0.03125000000000001,0.6266815546968404,0.7109710006384233,REPORT_SMALL_UNIT_COUNTS,0.18750000000000006
PAIR_WITHOUT_FLAGGED_TIMES,SHARED_ORIGIN_SENSITIVITY,Cd,24-48,24,48,0,0,0,NA,NA,NA,NA,FEWER_THAN_TWO_UNITS,0,0,0,NA,NA,NA,NO_MATCHED_PAIR,NA
PAIR_WITHOUT_FLAGGED_TIMES,SHARED_ORIGIN_SENSITIVITY,Cd,24-72,24,72,0,0,0,NA,NA,NA,NA,FEWER_THAN_TWO_UNITS,0,0,0,NA,NA,NA,NO_MATCHED_PAIR,NA
PAIR_WITHOUT_FLAGGED_TIMES,SHARED_ORIGIN_SENSITIVITY,Cd,24-96,24,96,0,0,0,NA,NA,NA,NA,FEWER_THAN_TWO_UNITS,0,0,0,NA,NA,NA,NO_MATCHED_PAIR,NA
PAIR_WITHOUT_FLAGGED_TIMES,SHARED_ORIGIN_SENSITIVITY,Cd,48-72,48,72,2,2,1,0.4690951000254152,-53.09048999745848,NA,NA,FEWER_THAN_TWO_UNITS,1,0,0,NA,NA,NA,ONE_UNIT_DESCRIPTIVE_ONLY,NA
PAIR_WITHOUT_FLAGGED_TIMES,SHARED_ORIGIN_SENSITIVITY,Cd,48-96,48,96,1,1,1,0.24632051211905678,-75.36794878809432,NA,NA,FEWER_THAN_TWO_UNITS,1,0,0,NA,NA,NA,ONE_UNIT_DESCRIPTIVE_ONLY,NA
PAIR_WITHOUT_FLAGGED_TIMES,SHARED_ORIGIN_SENSITIVITY,Cd,72-96,72,96,3,1,1,0.4970257551615705,-50.29742448384296,NA,NA,FEWER_THAN_TWO_UNITS,1,0,0,NA,NA,NA,ONE_UNIT_DESCRIPTIVE_ONLY,NA
PAIR_WITHOUT_FLAGGED_TIMES,SHARED_ORIGIN_SENSITIVITY,Cu,24-48,24,48,0,0,0,NA,NA,NA,NA,FEWER_THAN_TWO_UNITS,0,0,0,NA,NA,NA,NO_MATCHED_PAIR,NA
PAIR_WITHOUT_FLAGGED_TIMES,SHARED_ORIGIN_SENSITIVITY,Cu,24-72,24,72,0,0,0,NA,NA,NA,NA,FEWER_THAN_TWO_UNITS,0,0,0,NA,NA,NA,NO_MATCHED_PAIR,NA
PAIR_WITHOUT_FLAGGED_TIMES,SHARED_ORIGIN_SENSITIVITY,Cu,24-96,24,96,0,0,0,NA,NA,NA,NA,FEWER_THAN_TWO_UNITS,0,0,0,NA,NA,NA,NO_MATCHED_PAIR,NA
PAIR_WITHOUT_FLAGGED_TIMES,SHARED_ORIGIN_SENSITIVITY,Cu,48-72,48,72,2,2,2,0.46412143186066807,-53.587856813933186,0.013453158764395512,16.01175659076343,POINTWISE_T_INTERVAL_ASSUMPTION_DEPENDENT,2,0,0,0.5,0.35123966942148765,0.6132812500000001,REPORT_SMALL_UNIT_COUNTS,1
PAIR_WITHOUT_FLAGGED_TIMES,SHARED_ORIGIN_SENSITIVITY,Cu,48-96,48,96,1,1,1,0.17217630853994492,-82.78236914600551,NA,NA,FEWER_THAN_TWO_UNITS,1,0,0,NA,NA,NA,ONE_UNIT_DESCRIPTIVE_ONLY,NA
PAIR_WITHOUT_FLAGGED_TIMES,SHARED_ORIGIN_SENSITIVITY,Cu,72-96,72,96,3,2,2,0.4016125881038255,-59.83874118961745,0.0059698191129422306,27.01801643768061,POINTWISE_T_INTERVAL_ASSUMPTION_DEPENDENT,2,0,0,0.5,0.28837174498435547,0.5593220338983049,REPORT_SMALL_UNIT_COUNTS,1
PAIR_WITHOUT_FLAGGED_TIMES,SHARED_ORIGIN_SENSITIVITY,Hg,24-48,24,48,2,1,1,0.9057894597833126,-9.42105402166874,NA,NA,FEWER_THAN_TWO_UNITS,1,0,0,NA,NA,NA,ONE_UNIT_DESCRIPTIVE_ONLY,NA
PAIR_WITHOUT_FLAGGED_TIMES,SHARED_ORIGIN_SENSITIVITY,Hg,24-72,24,72,2,1,1,0.7862453931068965,-21.375460689310355,NA,NA,FEWER_THAN_TWO_UNITS,1,0,0,NA,NA,NA,ONE_UNIT_DESCRIPTIVE_ONLY,NA
PAIR_WITHOUT_FLAGGED_TIMES,SHARED_ORIGIN_SENSITIVITY,Hg,24-96,24,96,2,1,1,0.6908492797077574,-30.915072029224255,NA,NA,FEWER_THAN_TWO_UNITS,1,0,0,NA,NA,NA,ONE_UNIT_DESCRIPTIVE_ONLY,NA
PAIR_WITHOUT_FLAGGED_TIMES,SHARED_ORIGIN_SENSITIVITY,Hg,48-72,48,72,3,2,2,0.7554828572496658,-24.45171427503342,0.12940802858845485,4.410501835347786,POINTWISE_T_INTERVAL_ASSUMPTION_DEPENDENT,2,0,0,0.5,0.6575342465753424,0.8680222369721391,REPORT_SMALL_UNIT_COUNTS,1
PAIR_WITHOUT_FLAGGED_TIMES,SHARED_ORIGIN_SENSITIVITY,Hg,48-96,48,96,5,3,3,0.5711905733433421,-42.88094266566579,0.3013757783637549,1.0825643415925343,POINTWISE_T_INTERVAL_ASSUMPTION_DEPENDENT,3,0,0,0.25000000000000006,0.49430331605133504,0.6325480462916808,REPORT_SMALL_UNIT_COUNTS,1
PAIR_WITHOUT_FLAGGED_TIMES,SHARED_ORIGIN_SENSITIVITY,Hg,72-96,72,96,4,3,3,0.7578808112653524,-24.211918873464754,0.5511437304450991,1.0421661217489702,POINTWISE_T_INTERVAL_ASSUMPTION_DEPENDENT,3,0,0,0.25000000000000006,0.7038640260652537,0.7889172233270542,REPORT_SMALL_UNIT_COUNTS,1
PAIR_WITHOUT_FLAGGED_TIMES,SHARED_ORIGIN_SENSITIVITY,Ni,24-48,24,48,0,0,0,NA,NA,NA,NA,FEWER_THAN_TWO_UNITS,0,0,0,NA,NA,NA,NO_MATCHED_PAIR,NA
PAIR_WITHOUT_FLAGGED_TIMES,SHARED_ORIGIN_SENSITIVITY,Ni,24-72,24,72,0,0,0,NA,NA,NA,NA,FEWER_THAN_TWO_UNITS,0,0,0,NA,NA,NA,NO_MATCHED_PAIR,NA
PAIR_WITHOUT_FLAGGED_TIMES,SHARED_ORIGIN_SENSITIVITY,Ni,24-96,24,96,0,0,0,NA,NA,NA,NA,FEWER_THAN_TWO_UNITS,0,0,0,NA,NA,NA,NO_MATCHED_PAIR,NA
PAIR_WITHOUT_FLAGGED_TIMES,SHARED_ORIGIN_SENSITIVITY,Ni,48-72,48,72,1,1,1,0.5815383634973236,-41.84616365026764,NA,NA,FEWER_THAN_TWO_UNITS,1,0,0,NA,NA,NA,ONE_UNIT_DESCRIPTIVE_ONLY,NA
PAIR_WITHOUT_FLAGGED_TIMES,SHARED_ORIGIN_SENSITIVITY,Ni,48-96,48,96,1,1,1,0.4338835075197553,-56.61164924802446,NA,NA,FEWER_THAN_TWO_UNITS,1,0,0,NA,NA,NA,ONE_UNIT_DESCRIPTIVE_ONLY,NA
PAIR_WITHOUT_FLAGGED_TIMES,SHARED_ORIGIN_SENSITIVITY,Ni,72-96,72,96,2,2,2,0.8735289542807132,-12.64710457192868,0.11779428665871489,6.47784247955546,POINTWISE_T_INTERVAL_ASSUMPTION_DEPENDENT,1,1,0,1,0.7460961043230507,1.0227272727272725,REPORT_SMALL_UNIT_COUNTS,1
PAIR_WITHOUT_FLAGGED_TIMES,SHARED_ORIGIN_SENSITIVITY,Zn,24-48,24,48,2,1,1,0.45332756448196304,-54.6672435518037,NA,NA,FEWER_THAN_TWO_UNITS,1,0,0,NA,NA,NA,ONE_UNIT_DESCRIPTIVE_ONLY,NA
PAIR_WITHOUT_FLAGGED_TIMES,SHARED_ORIGIN_SENSITIVITY,Zn,24-72,24,72,0,0,0,NA,NA,NA,NA,FEWER_THAN_TWO_UNITS,0,0,0,NA,NA,NA,NO_MATCHED_PAIR,NA
PAIR_WITHOUT_FLAGGED_TIMES,SHARED_ORIGIN_SENSITIVITY,Zn,24-96,24,96,0,0,0,NA,NA,NA,NA,FEWER_THAN_TWO_UNITS,0,0,0,NA,NA,NA,NO_MATCHED_PAIR,NA
PAIR_WITHOUT_FLAGGED_TIMES,SHARED_ORIGIN_SENSITIVITY,Zn,48-72,48,72,0,0,0,NA,NA,NA,NA,FEWER_THAN_TWO_UNITS,0,0,0,NA,NA,NA,NO_MATCHED_PAIR,NA
PAIR_WITHOUT_FLAGGED_TIMES,SHARED_ORIGIN_SENSITIVITY,Zn,48-96,48,96,0,0,0,NA,NA,NA,NA,FEWER_THAN_TWO_UNITS,0,0,0,NA,NA,NA,NO_MATCHED_PAIR,NA
PAIR_WITHOUT_FLAGGED_TIMES,SHARED_ORIGIN_SENSITIVITY,Zn,72-96,72,96,0,0,0,NA,NA,NA,NA,FEWER_THAN_TWO_UNITS,0,0,0,NA,NA,NA,NO_MATCHED_PAIR,NA
WHOLE_SERIES_WITHOUT_FLAGS,REFERENCE,ALL_METALS,24-48,24,48,4,2,2,0.6407958565229663,-35.920414347703364,0.00788643929215434,52.06650486050126,POINTWISE_T_INTERVAL_ASSUMPTION_DEPENDENT,2,0,0,0.5,0.45332756448196304,0.9057894597833126,REPORT_SMALL_UNIT_COUNTS,1
WHOLE_SERIES_WITHOUT_FLAGS,REFERENCE,ALL_METALS,24-72,24,72,2,1,1,0.7862453931068965,-21.375460689310355,NA,NA,FEWER_THAN_TWO_UNITS,1,0,0,NA,NA,NA,ONE_UNIT_DESCRIPTIVE_ONLY,NA
WHOLE_SERIES_WITHOUT_FLAGS,REFERENCE,ALL_METALS,24-96,24,96,2,1,1,0.6908492797077574,-30.915072029224255,NA,NA,FEWER_THAN_TWO_UNITS,1,0,0,NA,NA,NA,ONE_UNIT_DESCRIPTIVE_ONLY,NA
WHOLE_SERIES_WITHOUT_FLAGS,REFERENCE,ALL_METALS,48-72,48,72,6,4,4,0.5588948323850609,-44.11051676149391,0.3258184638607655,0.9587039051298515,POINTWISE_T_INTERVAL_ASSUMPTION_DEPENDENT,4,0,0,0.125,0.48261021324516457,0.6139150600658048,REPORT_SMALL_UNIT_COUNTS,0.75
WHOLE_SERIES_WITHOUT_FLAGS,REFERENCE,ALL_METALS,48-96,48,96,6,4,4,0.360923576384388,-63.9076423615612,0.12202256001261196,1.0675552781111395,POINTWISE_T_INTERVAL_ASSUMPTION_DEPENDENT,4,0,0,0.125,0.2812559080829922,0.4619155032948665,REPORT_SMALL_UNIT_COUNTS,0.75
WHOLE_SERIES_WITHOUT_FLAGS,REFERENCE,ALL_METALS,72-96,72,96,9,4,4,0.5724953212101065,-42.750467878989355,0.3540519810610561,0.925714048612942,POINTWISE_T_INTERVAL_ASSUMPTION_DEPENDENT,4,0,0,0.125,0.49631133105073505,0.6251084061777585,REPORT_SMALL_UNIT_COUNTS,0.75
WHOLE_SERIES_WITHOUT_FLAGS,REFERENCE,Cd,24-48,24,48,0,0,0,NA,NA,NA,NA,FEWER_THAN_TWO_UNITS,0,0,0,NA,NA,NA,NO_MATCHED_PAIR,NA
WHOLE_SERIES_WITHOUT_FLAGS,REFERENCE,Cd,24-72,24,72,0,0,0,NA,NA,NA,NA,FEWER_THAN_TWO_UNITS,0,0,0,NA,NA,NA,NO_MATCHED_PAIR,NA
WHOLE_SERIES_WITHOUT_FLAGS,REFERENCE,Cd,24-96,24,96,0,0,0,NA,NA,NA,NA,FEWER_THAN_TWO_UNITS,0,0,0,NA,NA,NA,NO_MATCHED_PAIR,NA
WHOLE_SERIES_WITHOUT_FLAGS,REFERENCE,Cd,48-72,48,72,2,2,2,0.4690951000254152,-53.09048999745848,0.17797044221139016,1.2364424683874333,POINTWISE_T_INTERVAL_ASSUMPTION_DEPENDENT,2,0,0,0.5,0.4346446353340263,0.506276150627615,REPORT_SMALL_UNIT_COUNTS,1
WHOLE_SERIES_WITHOUT_FLAGS,REFERENCE,Cd,48-96,48,96,1,1,1,0.24632051211905678,-75.36794878809432,NA,NA,FEWER_THAN_TWO_UNITS,1,0,0,NA,NA,NA,ONE_UNIT_DESCRIPTIVE_ONLY,NA
WHOLE_SERIES_WITHOUT_FLAGS,REFERENCE,Cd,72-96,72,96,3,1,1,0.4970257551615705,-50.29742448384296,NA,NA,FEWER_THAN_TWO_UNITS,1,0,0,NA,NA,NA,ONE_UNIT_DESCRIPTIVE_ONLY,NA
WHOLE_SERIES_WITHOUT_FLAGS,REFERENCE,Cu,24-48,24,48,0,0,0,NA,NA,NA,NA,FEWER_THAN_TWO_UNITS,0,0,0,NA,NA,NA,NO_MATCHED_PAIR,NA
WHOLE_SERIES_WITHOUT_FLAGS,REFERENCE,Cu,24-72,24,72,0,0,0,NA,NA,NA,NA,FEWER_THAN_TWO_UNITS,0,0,0,NA,NA,NA,NO_MATCHED_PAIR,NA
WHOLE_SERIES_WITHOUT_FLAGS,REFERENCE,Cu,24-96,24,96,0,0,0,NA,NA,NA,NA,FEWER_THAN_TWO_UNITS,0,0,0,NA,NA,NA,NO_MATCHED_PAIR,NA
WHOLE_SERIES_WITHOUT_FLAGS,REFERENCE,Cu,48-72,48,72,2,2,2,0.46412143186066807,-53.587856813933186,0.013453158764395512,16.01175659076343,POINTWISE_T_INTERVAL_ASSUMPTION_DEPENDENT,2,0,0,0.5,0.35123966942148765,0.6132812500000001,REPORT_SMALL_UNIT_COUNTS,1
WHOLE_SERIES_WITHOUT_FLAGS,REFERENCE,Cu,48-96,48,96,1,1,1,0.17217630853994492,-82.78236914600551,NA,NA,FEWER_THAN_TWO_UNITS,1,0,0,NA,NA,NA,ONE_UNIT_DESCRIPTIVE_ONLY,NA
WHOLE_SERIES_WITHOUT_FLAGS,REFERENCE,Cu,72-96,72,96,3,2,2,0.4016125881038255,-59.83874118961745,0.0059698191129422306,27.01801643768061,POINTWISE_T_INTERVAL_ASSUMPTION_DEPENDENT,2,0,0,0.5,0.28837174498435547,0.5593220338983049,REPORT_SMALL_UNIT_COUNTS,1
WHOLE_SERIES_WITHOUT_FLAGS,REFERENCE,Hg,24-48,24,48,2,1,1,0.9057894597833126,-9.42105402166874,NA,NA,FEWER_THAN_TWO_UNITS,1,0,0,NA,NA,NA,ONE_UNIT_DESCRIPTIVE_ONLY,NA
WHOLE_SERIES_WITHOUT_FLAGS,REFERENCE,Hg,24-72,24,72,2,1,1,0.7862453931068965,-21.375460689310355,NA,NA,FEWER_THAN_TWO_UNITS,1,0,0,NA,NA,NA,ONE_UNIT_DESCRIPTIVE_ONLY,NA
WHOLE_SERIES_WITHOUT_FLAGS,REFERENCE,Hg,24-96,24,96,2,1,1,0.6908492797077574,-30.915072029224255,NA,NA,FEWER_THAN_TWO_UNITS,1,0,0,NA,NA,NA,ONE_UNIT_DESCRIPTIVE_ONLY,NA
WHOLE_SERIES_WITHOUT_FLAGS,REFERENCE,Hg,48-72,48,72,2,1,1,0.8680222369721391,-13.19777630278609,NA,NA,FEWER_THAN_TWO_UNITS,1,0,0,NA,NA,NA,ONE_UNIT_DESCRIPTIVE_ONLY,NA
WHOLE_SERIES_WITHOUT_FLAGS,REFERENCE,Hg,48-96,48,96,4,2,2,0.6325480462916808,-36.745195370831915,0.058688796551475096,6.817604966843809,POINTWISE_T_INTERVAL_ASSUMPTION_DEPENDENT,2,0,0,0.5,0.5246032671450666,0.7627040392731285,REPORT_SMALL_UNIT_COUNTS,1
WHOLE_SERIES_WITHOUT_FLAGS,REFERENCE,Hg,72-96,72,96,2,1,1,0.8786687791935093,-12.133122080649073,NA,NA,FEWER_THAN_TWO_UNITS,1,0,0,NA,NA,NA,ONE_UNIT_DESCRIPTIVE_ONLY,NA
WHOLE_SERIES_WITHOUT_FLAGS,REFERENCE,Ni,24-48,24,48,0,0,0,NA,NA,NA,NA,FEWER_THAN_TWO_UNITS,0,0,0,NA,NA,NA,NO_MATCHED_PAIR,NA
WHOLE_SERIES_WITHOUT_FLAGS,REFERENCE,Ni,24-72,24,72,0,0,0,NA,NA,NA,NA,FEWER_THAN_TWO_UNITS,0,0,0,NA,NA,NA,NO_MATCHED_PAIR,NA
WHOLE_SERIES_WITHOUT_FLAGS,REFERENCE,Ni,24-96,24,96,0,0,0,NA,NA,NA,NA,FEWER_THAN_TWO_UNITS,0,0,0,NA,NA,NA,NO_MATCHED_PAIR,NA
WHOLE_SERIES_WITHOUT_FLAGS,REFERENCE,Ni,48-72,48,72,0,0,0,NA,NA,NA,NA,FEWER_THAN_TWO_UNITS,0,0,0,NA,NA,NA,NO_MATCHED_PAIR,NA
WHOLE_SERIES_WITHOUT_FLAGS,REFERENCE,Ni,48-96,48,96,0,0,0,NA,NA,NA,NA,FEWER_THAN_TWO_UNITS,0,0,0,NA,NA,NA,NO_MATCHED_PAIR,NA
WHOLE_SERIES_WITHOUT_FLAGS,REFERENCE,Ni,72-96,72,96,1,1,1,1.0227272727272725,2.2727272727272485,NA,NA,FEWER_THAN_TWO_UNITS,0,1,0,NA,NA,NA,ONE_UNIT_DESCRIPTIVE_ONLY,NA
WHOLE_SERIES_WITHOUT_FLAGS,REFERENCE,Zn,24-48,24,48,2,1,1,0.45332756448196304,-54.6672435518037,NA,NA,FEWER_THAN_TWO_UNITS,1,0,0,NA,NA,NA,ONE_UNIT_DESCRIPTIVE_ONLY,NA
WHOLE_SERIES_WITHOUT_FLAGS,REFERENCE,Zn,24-72,24,72,0,0,0,NA,NA,NA,NA,FEWER_THAN_TWO_UNITS,0,0,0,NA,NA,NA,NO_MATCHED_PAIR,NA
WHOLE_SERIES_WITHOUT_FLAGS,REFERENCE,Zn,24-96,24,96,0,0,0,NA,NA,NA,NA,FEWER_THAN_TWO_UNITS,0,0,0,NA,NA,NA,NO_MATCHED_PAIR,NA
WHOLE_SERIES_WITHOUT_FLAGS,REFERENCE,Zn,48-72,48,72,0,0,0,NA,NA,NA,NA,FEWER_THAN_TWO_UNITS,0,0,0,NA,NA,NA,NO_MATCHED_PAIR,NA
WHOLE_SERIES_WITHOUT_FLAGS,REFERENCE,Zn,48-96,48,96,0,0,0,NA,NA,NA,NA,FEWER_THAN_TWO_UNITS,0,0,0,NA,NA,NA,NO_MATCHED_PAIR,NA
WHOLE_SERIES_WITHOUT_FLAGS,REFERENCE,Zn,72-96,72,96,0,0,0,NA,NA,NA,NA,FEWER_THAN_TWO_UNITS,0,0,0,NA,NA,NA,NO_MATCHED_PAIR,NA
WHOLE_SERIES_WITHOUT_FLAGS,SHARED_ORIGIN_SENSITIVITY,ALL_METALS,24-48,24,48,4,2,2,0.6407958565229663,-35.920414347703364,0.00788643929215434,52.06650486050126,POINTWISE_T_INTERVAL_ASSUMPTION_DEPENDENT,2,0,0,0.5,0.45332756448196304,0.9057894597833126,REPORT_SMALL_UNIT_COUNTS,1
WHOLE_SERIES_WITHOUT_FLAGS,SHARED_ORIGIN_SENSITIVITY,ALL_METALS,24-72,24,72,2,1,1,0.7862453931068965,-21.375460689310355,NA,NA,FEWER_THAN_TWO_UNITS,1,0,0,NA,NA,NA,ONE_UNIT_DESCRIPTIVE_ONLY,NA
WHOLE_SERIES_WITHOUT_FLAGS,SHARED_ORIGIN_SENSITIVITY,ALL_METALS,24-96,24,96,2,1,1,0.6908492797077574,-30.915072029224255,NA,NA,FEWER_THAN_TWO_UNITS,1,0,0,NA,NA,NA,ONE_UNIT_DESCRIPTIVE_ONLY,NA
WHOLE_SERIES_WITHOUT_FLAGS,SHARED_ORIGIN_SENSITIVITY,ALL_METALS,48-72,48,72,6,4,3,0.6098015893015996,-39.01984106984004,0.25185991073484393,1.4764476697772113,POINTWISE_T_INTERVAL_ASSUMPTION_DEPENDENT,3,0,0,0.25000000000000006,0.5111135591366838,0.729617545374335,REPORT_SMALL_UNIT_COUNTS,1
WHOLE_SERIES_WITHOUT_FLAGS,SHARED_ORIGIN_SENSITIVITY,ALL_METALS,48-96,48,96,6,4,3,0.4351523577704597,-56.484764222954034,0.08148912713952895,2.3237158271307106,POINTWISE_T_INTERVAL_ASSUMPTION_DEPENDENT,3,0,0,0.25000000000000006,0.3286881055530057,0.6325480462916808,REPORT_SMALL_UNIT_COUNTS,1
WHOLE_SERIES_WITHOUT_FLAGS,SHARED_ORIGIN_SENSITIVITY,ALL_METALS,72-96,72,96,9,4,3,0.6124855048044449,-38.751449519555514,0.27310185502732565,1.3736211845138164,POINTWISE_T_INTERVAL_ASSUMPTION_DEPENDENT,3,0,0,0.25000000000000006,0.5113651473940166,0.7010412318126903,REPORT_SMALL_UNIT_COUNTS,1
WHOLE_SERIES_WITHOUT_FLAGS,SHARED_ORIGIN_SENSITIVITY,Cd,24-48,24,48,0,0,0,NA,NA,NA,NA,FEWER_THAN_TWO_UNITS,0,0,0,NA,NA,NA,NO_MATCHED_PAIR,NA
WHOLE_SERIES_WITHOUT_FLAGS,SHARED_ORIGIN_SENSITIVITY,Cd,24-72,24,72,0,0,0,NA,NA,NA,NA,FEWER_THAN_TWO_UNITS,0,0,0,NA,NA,NA,NO_MATCHED_PAIR,NA
WHOLE_SERIES_WITHOUT_FLAGS,SHARED_ORIGIN_SENSITIVITY,Cd,24-96,24,96,0,0,0,NA,NA,NA,NA,FEWER_THAN_TWO_UNITS,0,0,0,NA,NA,NA,NO_MATCHED_PAIR,NA
WHOLE_SERIES_WITHOUT_FLAGS,SHARED_ORIGIN_SENSITIVITY,Cd,48-72,48,72,2,2,1,0.4690951000254152,-53.09048999745848,NA,NA,FEWER_THAN_TWO_UNITS,1,0,0,NA,NA,NA,ONE_UNIT_DESCRIPTIVE_ONLY,NA
WHOLE_SERIES_WITHOUT_FLAGS,SHARED_ORIGIN_SENSITIVITY,Cd,48-96,48,96,1,1,1,0.24632051211905678,-75.36794878809432,NA,NA,FEWER_THAN_TWO_UNITS,1,0,0,NA,NA,NA,ONE_UNIT_DESCRIPTIVE_ONLY,NA
WHOLE_SERIES_WITHOUT_FLAGS,SHARED_ORIGIN_SENSITIVITY,Cd,72-96,72,96,3,1,1,0.4970257551615705,-50.29742448384296,NA,NA,FEWER_THAN_TWO_UNITS,1,0,0,NA,NA,NA,ONE_UNIT_DESCRIPTIVE_ONLY,NA
WHOLE_SERIES_WITHOUT_FLAGS,SHARED_ORIGIN_SENSITIVITY,Cu,24-48,24,48,0,0,0,NA,NA,NA,NA,FEWER_THAN_TWO_UNITS,0,0,0,NA,NA,NA,NO_MATCHED_PAIR,NA
WHOLE_SERIES_WITHOUT_FLAGS,SHARED_ORIGIN_SENSITIVITY,Cu,24-72,24,72,0,0,0,NA,NA,NA,NA,FEWER_THAN_TWO_UNITS,0,0,0,NA,NA,NA,NO_MATCHED_PAIR,NA
WHOLE_SERIES_WITHOUT_FLAGS,SHARED_ORIGIN_SENSITIVITY,Cu,24-96,24,96,0,0,0,NA,NA,NA,NA,FEWER_THAN_TWO_UNITS,0,0,0,NA,NA,NA,NO_MATCHED_PAIR,NA
WHOLE_SERIES_WITHOUT_FLAGS,SHARED_ORIGIN_SENSITIVITY,Cu,48-72,48,72,2,2,2,0.46412143186066807,-53.587856813933186,0.013453158764395512,16.01175659076343,POINTWISE_T_INTERVAL_ASSUMPTION_DEPENDENT,2,0,0,0.5,0.35123966942148765,0.6132812500000001,REPORT_SMALL_UNIT_COUNTS,1
WHOLE_SERIES_WITHOUT_FLAGS,SHARED_ORIGIN_SENSITIVITY,Cu,48-96,48,96,1,1,1,0.17217630853994492,-82.78236914600551,NA,NA,FEWER_THAN_TWO_UNITS,1,0,0,NA,NA,NA,ONE_UNIT_DESCRIPTIVE_ONLY,NA
WHOLE_SERIES_WITHOUT_FLAGS,SHARED_ORIGIN_SENSITIVITY,Cu,72-96,72,96,3,2,2,0.4016125881038255,-59.83874118961745,0.0059698191129422306,27.01801643768061,POINTWISE_T_INTERVAL_ASSUMPTION_DEPENDENT,2,0,0,0.5,0.28837174498435547,0.5593220338983049,REPORT_SMALL_UNIT_COUNTS,1
WHOLE_SERIES_WITHOUT_FLAGS,SHARED_ORIGIN_SENSITIVITY,Hg,24-48,24,48,2,1,1,0.9057894597833126,-9.42105402166874,NA,NA,FEWER_THAN_TWO_UNITS,1,0,0,NA,NA,NA,ONE_UNIT_DESCRIPTIVE_ONLY,NA
WHOLE_SERIES_WITHOUT_FLAGS,SHARED_ORIGIN_SENSITIVITY,Hg,24-72,24,72,2,1,1,0.7862453931068965,-21.375460689310355,NA,NA,FEWER_THAN_TWO_UNITS,1,0,0,NA,NA,NA,ONE_UNIT_DESCRIPTIVE_ONLY,NA
WHOLE_SERIES_WITHOUT_FLAGS,SHARED_ORIGIN_SENSITIVITY,Hg,24-96,24,96,2,1,1,0.6908492797077574,-30.915072029224255,NA,NA,FEWER_THAN_TWO_UNITS,1,0,0,NA,NA,NA,ONE_UNIT_DESCRIPTIVE_ONLY,NA
WHOLE_SERIES_WITHOUT_FLAGS,SHARED_ORIGIN_SENSITIVITY,Hg,48-72,48,72,2,1,1,0.8680222369721391,-13.19777630278609,NA,NA,FEWER_THAN_TWO_UNITS,1,0,0,NA,NA,NA,ONE_UNIT_DESCRIPTIVE_ONLY,NA
WHOLE_SERIES_WITHOUT_FLAGS,SHARED_ORIGIN_SENSITIVITY,Hg,48-96,48,96,4,2,2,0.6325480462916808,-36.745195370831915,0.058688796551475096,6.817604966843809,POINTWISE_T_INTERVAL_ASSUMPTION_DEPENDENT,2,0,0,0.5,0.5246032671450666,0.7627040392731285,REPORT_SMALL_UNIT_COUNTS,1
WHOLE_SERIES_WITHOUT_FLAGS,SHARED_ORIGIN_SENSITIVITY,Hg,72-96,72,96,2,1,1,0.8786687791935093,-12.133122080649073,NA,NA,FEWER_THAN_TWO_UNITS,1,0,0,NA,NA,NA,ONE_UNIT_DESCRIPTIVE_ONLY,NA
WHOLE_SERIES_WITHOUT_FLAGS,SHARED_ORIGIN_SENSITIVITY,Ni,24-48,24,48,0,0,0,NA,NA,NA,NA,FEWER_THAN_TWO_UNITS,0,0,0,NA,NA,NA,NO_MATCHED_PAIR,NA
WHOLE_SERIES_WITHOUT_FLAGS,SHARED_ORIGIN_SENSITIVITY,Ni,24-72,24,72,0,0,0,NA,NA,NA,NA,FEWER_THAN_TWO_UNITS,0,0,0,NA,NA,NA,NO_MATCHED_PAIR,NA
WHOLE_SERIES_WITHOUT_FLAGS,SHARED_ORIGIN_SENSITIVITY,Ni,24-96,24,96,0,0,0,NA,NA,NA,NA,FEWER_THAN_TWO_UNITS,0,0,0,NA,NA,NA,NO_MATCHED_PAIR,NA
WHOLE_SERIES_WITHOUT_FLAGS,SHARED_ORIGIN_SENSITIVITY,Ni,48-72,48,72,0,0,0,NA,NA,NA,NA,FEWER_THAN_TWO_UNITS,0,0,0,NA,NA,NA,NO_MATCHED_PAIR,NA
WHOLE_SERIES_WITHOUT_FLAGS,SHARED_ORIGIN_SENSITIVITY,Ni,48-96,48,96,0,0,0,NA,NA,NA,NA,FEWER_THAN_TWO_UNITS,0,0,0,NA,NA,NA,NO_MATCHED_PAIR,NA
WHOLE_SERIES_WITHOUT_FLAGS,SHARED_ORIGIN_SENSITIVITY,Ni,72-96,72,96,1,1,1,1.0227272727272725,2.2727272727272485,NA,NA,FEWER_THAN_TWO_UNITS,0,1,0,NA,NA,NA,ONE_UNIT_DESCRIPTIVE_ONLY,NA
WHOLE_SERIES_WITHOUT_FLAGS,SHARED_ORIGIN_SENSITIVITY,Zn,24-48,24,48,2,1,1,0.45332756448196304,-54.6672435518037,NA,NA,FEWER_THAN_TWO_UNITS,1,0,0,NA,NA,NA,ONE_UNIT_DESCRIPTIVE_ONLY,NA
WHOLE_SERIES_WITHOUT_FLAGS,SHARED_ORIGIN_SENSITIVITY,Zn,24-72,24,72,0,0,0,NA,NA,NA,NA,FEWER_THAN_TWO_UNITS,0,0,0,NA,NA,NA,NO_MATCHED_PAIR,NA
WHOLE_SERIES_WITHOUT_FLAGS,SHARED_ORIGIN_SENSITIVITY,Zn,24-96,24,96,0,0,0,NA,NA,NA,NA,FEWER_THAN_TWO_UNITS,0,0,0,NA,NA,NA,NO_MATCHED_PAIR,NA
WHOLE_SERIES_WITHOUT_FLAGS,SHARED_ORIGIN_SENSITIVITY,Zn,48-72,48,72,0,0,0,NA,NA,NA,NA,FEWER_THAN_TWO_UNITS,0,0,0,NA,NA,NA,NO_MATCHED_PAIR,NA
WHOLE_SERIES_WITHOUT_FLAGS,SHARED_ORIGIN_SENSITIVITY,Zn,48-96,48,96,0,0,0,NA,NA,NA,NA,FEWER_THAN_TWO_UNITS,0,0,0,NA,NA,NA,NO_MATCHED_PAIR,NA
WHOLE_SERIES_WITHOUT_FLAGS,SHARED_ORIGIN_SENSITIVITY,Zn,72-96,72,96,0,0,0,NA,NA,NA,NA,FEWER_THAN_TWO_UNITS,0,0,0,NA,NA,NA,NO_MATCHED_PAIR,NA
