Test_Number,Result_Number,Reference_Number,Metal,Chemical_Analysis,Temperature_Raw_Mean,Temperature_Raw_Min,Temperature_Raw_Max,Temperature_Raw_Units,Salinity_Raw_Mean,Salinity_Raw_Min,Salinity_Raw_Max,Salinity_Raw_Units,pH_Raw_Mean,pH_Raw_Min,pH_Raw_Max,pH_Raw_Units,Organic_Carbon_Raw_Mean,Organic_Carbon_Raw_Min,Organic_Carbon_Raw_Max,Organic_Carbon_Raw_Units
1301484,757363,115854,Cu,Unmeasured,25,NA,NA,C,33,NA,NA,0/00,NA,8.1,8.4,NA,NA,NA,NA,NA
1152733,86472,13179,Ni,Unmeasured,22,NA,NA,C,38,NA,NA,0/00,NA,NA,NA,NA,NA,NA,NA,NA
1035621,54724,2183,Cu,Unmeasured,20,NA,NA,C,7,NA,NA,0/00,8,NA,NA,NA,NA,NA,NA,NA
1159856,142865,14137,Cu,Measured,NA,20.1,21,C,NA,34.5,35.01,0/00,NA,7.7,8.14,NA,NA,NA,NA,NA
1159857,142866,14137,Cu,Measured,NA,20.1,21,C,NA,34.5,35.01,0/00,NA,7.7,8.14,NA,NA,NA,NA,NA
1054948,220835,3825,Pb,Unmeasured,10,NA,NA,C,30,NA,NA,0/00,NA,NA,NA,NA,NA,NA,NA,NA
1053695,194886,3751,Pb,Unmeasured,10,NA,NA,C,30,NA,NA,0/00,NA,NA,NA,NA,NA,NA,NA,NA
1078773,10206,6079,Hg,Unmeasured,9,NA,NA,C,NA,NA,NA,NA,NA,NA,NA,NA,NA,NA,NA,NA
1078775,10208,6079,Hg,Measured,9,NA,NA,C,NA,NA,NA,NA,NA,NA,NA,NA,NA,NA,NA,NA
1078774,10207,6079,Hg,Unmeasured,21,NA,NA,C,NA,NA,NA,NA,NA,NA,NA,NA,NA,NA,NA,NA
1053473,129431,3734,Hg,Unmeasured,20,NA,NA,C,30,NA,NA,0/00,NA,NA,NA,NA,NA,NA,NA,NA
1111935,21216,8445,Hg,Unmeasured,20,NA,NA,C,10,NA,NA,0/00,NA,NA,NA,NA,NA,NA,NA,NA
1111929,21210,8445,Hg,Unmeasured,20,NA,NA,C,10,NA,NA,0/00,NA,NA,NA,NA,NA,NA,NA,NA
1111930,21211,8445,Hg,Unmeasured,20,NA,NA,C,10,NA,NA,0/00,NA,NA,NA,NA,NA,NA,NA,NA
1111932,21213,8445,Hg,Unmeasured,20,NA,NA,C,10,NA,NA,0/00,NA,NA,NA,NA,NA,NA,NA,NA
1111926,21207,8445,Hg,Unmeasured,20,NA,NA,C,10,NA,NA,0/00,NA,NA,NA,NA,NA,NA,NA,NA
1053474,129432,3734,Hg,Unmeasured,20,NA,NA,C,30,NA,NA,0/00,NA,NA,NA,NA,NA,NA,NA,NA
1111934,21215,8445,Hg,Unmeasured,20,NA,NA,C,10,NA,NA,0/00,NA,NA,NA,NA,NA,NA,NA,NA
1111928,21209,8445,Hg,Unmeasured,20,NA,NA,C,10,NA,NA,0/00,NA,NA,NA,NA,NA,NA,NA,NA
1053471,129429,3734,Hg,Unmeasured,20,NA,NA,C,30,NA,NA,0/00,NA,NA,NA,NA,NA,NA,NA,NA
1053472,129430,3734,Hg,Unmeasured,10,NA,NA,C,30,NA,NA,0/00,NA,NA,NA,NA,NA,NA,NA,NA
1111937,21218,8445,Hg,Unmeasured,20,NA,NA,C,10,NA,NA,0/00,NA,NA,NA,NA,NA,NA,NA,NA
1111936,21217,8445,Hg,Unmeasured,20,NA,NA,C,10,NA,NA,0/00,NA,NA,NA,NA,NA,NA,NA,NA
1111931,21212,8445,Hg,Unmeasured,20,NA,NA,C,10,NA,NA,0/00,NA,NA,NA,NA,NA,NA,NA,NA
1111933,21214,8445,Hg,Unmeasured,20,NA,NA,C,10,NA,NA,0/00,NA,NA,NA,NA,NA,NA,NA,NA
1111927,21208,8445,Hg,Unmeasured,20,NA,NA,C,10,NA,NA,0/00,NA,NA,NA,NA,NA,NA,NA,NA
1053477,129435,3734,Ni,Unmeasured,20,NA,NA,C,30,NA,NA,0/00,NA,NA,NA,NA,NA,NA,NA,NA
1053476,129434,3734,Ni,Unmeasured,10,NA,NA,C,30,NA,NA,0/00,NA,NA,NA,NA,NA,NA,NA,NA
1053478,129436,3734,Ni,Unmeasured,20,NA,NA,C,30,NA,NA,0/00,NA,NA,NA,NA,NA,NA,NA,NA
1053475,129433,3734,Ni,Unmeasured,20,NA,NA,C,30,NA,NA,0/00,NA,NA,NA,NA,NA,NA,NA,NA
1284914,738947,59900,Ag,Unmeasured,15,NA,NA,C,NA,NA,NA,NA,8,NA,NA,NA,1,NA,NA,mg/L
1053694,194885,3751,Ag,Unmeasured,20,NA,NA,C,30,NA,NA,0/00,NA,NA,NA,NA,NA,NA,NA,NA
1053693,194884,3751,Ag,Unmeasured,10,NA,NA,C,30,NA,NA,0/00,NA,NA,NA,NA,NA,NA,NA,NA
1111942,23768,8445,Cd,Unmeasured,20,NA,NA,C,10,NA,NA,0/00,NA,NA,NA,NA,NA,NA,NA,NA
1111941,23767,8445,Cd,Unmeasured,20,NA,NA,C,30,NA,NA,0/00,NA,NA,NA,NA,NA,NA,NA,NA
1120299,126283,9365,Cd,Measured,20.8,NA,NA,C,30.7,NA,NA,0/00,7.8,NA,NA,NA,NA,NA,NA,NA
1111940,23766,8445,Cd,Unmeasured,20,NA,NA,C,10,NA,NA,0/00,NA,NA,NA,NA,NA,NA,NA,NA
1134122,107489,10900,Cd,Measured,15,NA,NA,C,10,NA,NA,0/00,NA,NA,NA,NA,NA,NA,NA,NA
1111939,23765,8445,Cd,Unmeasured,20,NA,NA,C,10,NA,NA,0/00,NA,NA,NA,NA,NA,NA,NA,NA
1111938,23764,8445,Cd,Unmeasured,20,NA,NA,C,10,NA,NA,0/00,NA,NA,NA,NA,NA,NA,NA,NA
1078810,12517,6079,Cu,Unmeasured,21,NA,NA,C,NA,NA,NA,NA,NA,NA,NA,NA,NA,NA,NA,NA
1078809,12516,6079,Cu,Unmeasured,9,NA,NA,C,NA,NA,NA,NA,NA,NA,NA,NA,NA,NA,NA,NA
1078811,12518,6079,Cu,Measured,9,NA,NA,C,NA,NA,NA,NA,NA,NA,NA,NA,NA,NA,NA,NA
1078808,12515,6079,Cu,Unmeasured,9,NA,NA,C,NA,NA,NA,NA,NA,NA,NA,NA,NA,NA,NA,NA
1111945,23785,8445,Cu,Unmeasured,20,NA,NA,C,30,NA,NA,0/00,NA,NA,NA,NA,NA,NA,NA,NA
1047099,115192,2977,Cu,Unmeasured,NA,NA,NA,NA,35,NA,NA,0/00,NA,NA,NA,NA,NA,NA,NA,NA
1252479,700796,59877,Cu,Measured,20,NA,NA,C,30,NA,NA,0/00,7.9,NA,NA,NA,NA,NA,NA,NA
1047101,115194,2977,Cu,Unmeasured,NA,NA,NA,NA,35,NA,NA,0/00,NA,NA,NA,NA,NA,NA,NA,NA
1047097,115190,2977,Cu,Unmeasured,NA,NA,NA,NA,35,NA,NA,0/00,NA,NA,NA,NA,NA,NA,NA,NA
1134112,107408,10900,Cu,Measured,15,NA,NA,C,10,NA,NA,0/00,NA,NA,NA,NA,NA,NA,NA,NA
1047100,115193,2977,Cu,Unmeasured,NA,NA,NA,NA,35,NA,NA,0/00,NA,NA,NA,NA,NA,NA,NA,NA
1134111,107407,10900,Cu,Measured,15,NA,NA,C,10,NA,NA,0/00,NA,NA,NA,NA,NA,NA,NA,NA
1134115,107411,10900,Cu,Measured,15,NA,NA,C,10,NA,NA,0/00,NA,NA,NA,NA,NA,NA,NA,NA
1134113,107409,10900,Cu,Measured,15,NA,NA,C,10,NA,NA,0/00,NA,NA,NA,NA,NA,NA,NA,NA
1047096,115189,2977,Cu,Unmeasured,NA,NA,NA,NA,35,NA,NA,0/00,NA,NA,NA,NA,NA,NA,NA,NA
1111944,23784,8445,Cu,Unmeasured,20,NA,NA,C,10,NA,NA,0/00,NA,NA,NA,NA,NA,NA,NA,NA
1047106,115199,2977,Cu,Unmeasured,NA,NA,NA,NA,35,NA,NA,0/00,NA,NA,NA,NA,NA,NA,NA,NA
1047104,115197,2977,Cu,Unmeasured,NA,NA,NA,NA,35,NA,NA,0/00,NA,NA,NA,NA,NA,NA,NA,NA
1047102,115195,2977,Cu,Unmeasured,NA,NA,NA,NA,35,NA,NA,0/00,NA,NA,NA,NA,NA,NA,NA,NA
1111943,23783,8445,Cu,Unmeasured,20,NA,NA,C,10,NA,NA,0/00,NA,NA,NA,NA,NA,NA,NA,NA
1111946,23786,8445,Cu,Unmeasured,20,NA,NA,C,10,NA,NA,0/00,NA,NA,NA,NA,NA,NA,NA,NA
1047098,115191,2977,Cu,Unmeasured,NA,NA,NA,NA,35,NA,NA,0/00,NA,NA,NA,NA,NA,NA,NA,NA
1047103,115196,2977,Cu,Unmeasured,NA,NA,NA,NA,35,NA,NA,0/00,NA,NA,NA,NA,NA,NA,NA,NA
1047105,115198,2977,Cu,Unmeasured,NA,NA,NA,NA,35,NA,NA,0/00,NA,NA,NA,NA,NA,NA,NA,NA
1047107,115200,2977,Cu,Unmeasured,NA,NA,NA,NA,35,NA,NA,0/00,NA,NA,NA,NA,NA,NA,NA,NA
1134114,107410,10900,Cu,Measured,15,NA,NA,C,10,NA,NA,0/00,NA,NA,NA,NA,NA,NA,NA,NA
1047108,115201,2977,Cu,Unmeasured,NA,NA,NA,NA,35,NA,NA,0/00,NA,NA,NA,NA,NA,NA,NA,NA
1053485,129448,3734,Zn,Unmeasured,20,NA,NA,C,30,NA,NA,0/00,NA,NA,NA,NA,NA,NA,NA,NA
1053484,129447,3734,Zn,Unmeasured,10,NA,NA,C,30,NA,NA,0/00,NA,NA,NA,NA,NA,NA,NA,NA
1053486,129449,3734,Zn,Unmeasured,20,NA,NA,C,30,NA,NA,0/00,NA,NA,NA,NA,NA,NA,NA,NA
1053483,129446,3734,Zn,Unmeasured,20,NA,NA,C,30,NA,NA,0/00,NA,NA,NA,NA,NA,NA,NA,NA
2154475,2295509,166814,Cu,Unmeasured,20,NA,NA,C,38,NA,NA,0/00,NA,NA,NA,NA,NA,NA,NA,NA
2148070,2282197,169914,Cu,Unmeasured,NA,NA,NA,NA,NA,NA,NA,NA,NA,NA,NA,NA,NA,NA,NA,NA
2142112,2267554,166161,Cu,Measured,NA,NA,NA,NA,30,NA,NA,0/00,NA,NA,NA,NA,NA,NA,NA,NA
1202376,128159,18395,Cu,Measured,NA,24,25.1,C,NA,15,16,0/00,NA,7.9,8.8,NA,NA,NA,NA,NA
2145455,2274198,169337,Cu,Measured,22,NA,NA,C,7,NA,NA,0/00,8.2,NA,NA,NA,NA,NA,NA,NA
2140664,2263491,166133,Cu,Unmeasured,20,NA,NA,C,15,NA,NA,0/00,7.21,NA,NA,NA,0.1,NA,NA,mg/L
1312979,770475,107036,Cu,Unmeasured values (some measured values reported in article),NA,24.5,25.3,C,5,NA,NA,0/00,NA,8.25,8.5,NA,NA,2.77,3.06,mg/L
1202375,76832,18395,Cu,Measured,NA,24.1,24.6,C,14,NA,NA,0/00,NA,7.9,8.7,NA,NA,NA,NA,NA
1300832,756507,115854,Cu,Unmeasured,25,NA,NA,C,33,NA,NA,0/00,NA,8.1,8.4,NA,NA,NA,NA,NA
1312981,770477,107036,Cu,Unmeasured values (some measured values reported in article),25,NA,NA,C,25,NA,NA,0/00,NA,8.06,8.74,NA,NA,1.4,1.6,mg/L
2140665,2263492,166133,Cu,Unmeasured,20,NA,NA,C,30,NA,NA,0/00,7.49,NA,NA,NA,0.1,NA,NA,mg/L
2140661,2263489,166133,Cu,Unmeasured,20,NA,NA,C,5,NA,NA,0/00,6.88,NA,NA,NA,0.1,NA,NA,mg/L
1193934,181507,17398,Cu,Unmeasured,NA,13,14,C,NA,33,34,0/00,NA,7.7,8.1,NA,NA,NA,NA,NA
1312980,770476,107036,Cu,Unmeasured values (some measured values reported in article),NA,24.5,25.2,C,15,NA,NA,0/00,NA,8.25,8.63,NA,NA,2,2.2,mg/L
1078445,130922,6045,Hg,Unmeasured,NA,13,21,C,NA,27,36,0/00,NA,NA,NA,NA,NA,NA,NA,NA
1078444,130921,6045,Hg,Unmeasured,NA,13,21,C,NA,27,36,0/00,NA,NA,NA,NA,NA,NA,NA,NA
1035611,29495,2183,Hg,Unmeasured,20,NA,NA,C,7,NA,NA,0/00,8,NA,NA,NA,NA,NA,NA,NA
1078429,100481,6045,Hg,Unmeasured,NA,13,21,C,NA,27,36,0/00,NA,NA,NA,NA,NA,NA,NA,NA
1078428,94768,6045,Hg,Unmeasured,NA,13,21,C,NA,27,36,0/00,NA,NA,NA,NA,NA,NA,NA,NA
1070631,12736,5563,Zn,Measured,17,NA,NA,C,NA,34.5,35.5,0/00,NA,NA,NA,NA,NA,NA,NA,NA
1053651,133692,3744,Zn,Unmeasured,15,NA,NA,C,30,NA,NA,0/00,NA,NA,NA,NA,NA,NA,NA,NA
1053652,133693,3744,Zn,Unmeasured,15,NA,NA,C,30,NA,NA,0/00,NA,NA,NA,NA,NA,NA,NA,NA
1070630,12735,5563,Zn,Measured,17,NA,NA,C,NA,34.5,35.5,0/00,NA,NA,NA,NA,NA,NA,NA,NA
1070629,12734,5563,Zn,Measured,17,NA,NA,C,NA,34.5,35.5,0/00,NA,NA,NA,NA,NA,NA,NA,NA
2145457,2274200,169337,Zn,Measured,22,NA,NA,C,7,NA,NA,0/00,8.2,NA,NA,NA,NA,NA,NA,NA
1053649,133690,3744,Zn,Unmeasured,10,NA,NA,C,30,NA,NA,0/00,NA,NA,NA,NA,NA,NA,NA,NA
1295983,751247,111315,Zn,Unmeasured,20,NA,NA,C,32,NA,NA,0/00,7.9,NA,NA,NA,NA,NA,NA,NA
1035615,41944,2183,Zn,Unmeasured,20,NA,NA,C,7,NA,NA,0/00,NA,NA,NA,NA,NA,NA,NA,NA
1053653,133694,3744,Zn,Unmeasured,15,NA,NA,C,30,NA,NA,0/00,NA,NA,NA,NA,NA,NA,NA,NA
1037878,104483,2332,Zn,Unmeasured,NA,NA,NA,NA,7,NA,NA,0/00,NA,NA,NA,NA,NA,NA,NA,NA
1053650,133691,3744,Zn,Unmeasured,15,NA,NA,C,30,NA,NA,0/00,NA,NA,NA,NA,NA,NA,NA,NA
1053654,133695,3744,Zn,Unmeasured,20,NA,NA,C,30,NA,NA,0/00,NA,NA,NA,NA,NA,NA,NA,NA
1054979,131353,3826,Ni,Unmeasured,15,NA,NA,C,30,NA,NA,0/00,NA,NA,NA,NA,NA,NA,NA,NA
1054981,131355,3826,Ni,Unmeasured,15,NA,NA,C,30,NA,NA,0/00,NA,NA,NA,NA,NA,NA,NA,NA
2030265,2047702,3826,Ni,Unmeasured,20,NA,NA,C,30,NA,NA,0/00,NA,NA,NA,NA,NA,NA,NA,NA
2319264,2802768,193873,Ni,Measured,27,NA,NA,C,NA,33.2,33.3,0/00,NA,8.18,8.21,NA,NA,NA,NA,NA
1054980,131354,3826,Ni,Unmeasured,15,NA,NA,C,30,NA,NA,0/00,NA,NA,NA,NA,NA,NA,NA,NA
1054977,131351,3826,Ni,Unmeasured,20,NA,NA,C,30,NA,NA,0/00,NA,NA,NA,NA,NA,NA,NA,NA
1035629,54870,2183,Ni,Unmeasured,20,NA,NA,C,7,NA,NA,0/00,8,NA,NA,NA,NA,NA,NA,NA
1054978,131352,3826,Ni,Unmeasured,15,NA,NA,C,30,NA,NA,0/00,NA,NA,NA,NA,NA,NA,NA,NA
1096430,121126,6825,Zn,Unmeasured,25,NA,NA,C,25,NA,NA,0/00,NA,NA,NA,NA,NA,NA,NA,NA
1096428,121124,6825,Zn,Unmeasured,25,NA,NA,C,33.5,NA,NA,0/00,NA,NA,NA,NA,NA,NA,NA,NA
1096431,121127,6825,Zn,Unmeasured,25,NA,NA,C,28,NA,NA,0/00,NA,NA,NA,NA,NA,NA,NA,NA
1340234,801239,111830,Zn,Unmeasured,21,NA,NA,C,32,NA,NA,0/00,8.2,NA,NA,NA,NA,NA,NA,NA
1096427,121123,6825,Zn,Unmeasured,25,NA,NA,C,33.5,NA,NA,0/00,NA,NA,NA,NA,NA,NA,NA,NA
1096445,130165,6825,Zn,Unmeasured,25,NA,NA,C,33.5,NA,NA,0/00,NA,NA,NA,NA,NA,NA,NA,NA
1340235,801240,111830,Zn,Unmeasured,21,NA,NA,C,32,NA,NA,0/00,8.2,NA,NA,NA,NA,NA,NA,NA
1096448,130168,6825,Zn,Unmeasured,25,NA,NA,C,25,NA,NA,0/00,NA,NA,NA,NA,NA,NA,NA,NA
2095611,2175506,161986,Zn,Unmeasured,20,NA,NA,C,30,NA,NA,0/00,NA,8,8.5,NA,NA,NA,NA,NA
2095611,2175507,161986,Zn,Unmeasured,20,NA,NA,C,30,NA,NA,0/00,NA,8,8.5,NA,NA,NA,NA,NA
2095611,2175498,161986,Zn,Unmeasured,20,NA,NA,C,30,NA,NA,0/00,NA,8,8.5,NA,NA,NA,NA,NA
1096426,121122,6825,Zn,Unmeasured,25,NA,NA,C,33.5,NA,NA,0/00,NA,NA,NA,NA,NA,NA,NA,NA
1096450,130170,6825,Zn,Unmeasured,25,NA,NA,C,32,NA,NA,0/00,NA,NA,NA,NA,NA,NA,NA,NA
1096425,121121,6825,Zn,Unmeasured,25,NA,NA,C,33.5,NA,NA,0/00,NA,NA,NA,NA,NA,NA,NA,NA
1096449,130169,6825,Zn,Unmeasured,25,NA,NA,C,28,NA,NA,0/00,NA,NA,NA,NA,NA,NA,NA,NA
1096446,130166,6825,Zn,Unmeasured,25,NA,NA,C,33.5,NA,NA,0/00,NA,NA,NA,NA,NA,NA,NA,NA
1096432,121128,6825,Zn,Unmeasured,25,NA,NA,C,32,NA,NA,0/00,NA,NA,NA,NA,NA,NA,NA,NA
2095567,2175478,161986,Zn,Unmeasured,20,NA,NA,C,30,NA,NA,0/00,NA,8,8.5,NA,NA,NA,NA,NA
1037874,104479,2332,Zn,Unmeasured,NA,NA,NA,NA,25,NA,NA,0/00,NA,NA,NA,NA,NA,NA,NA,NA
2299150,2706689,5185,Zn,Unmeasured,21,20,22,C,7,NA,NA,0/00,7.8,NA,NA,NA,NA,NA,NA,NA
2101666,2186591,150008,Zn,Unmeasured,25,NA,NA,C,NA,NA,NA,NA,NA,NA,NA,NA,NA,NA,NA,NA
1037871,104476,2332,Zn,Unmeasured,NA,NA,NA,NA,15,NA,NA,0/00,NA,NA,NA,NA,NA,NA,NA,NA
1278692,731972,62291,Zn,Unmeasured,20,NA,NA,C,NA,34.5,35,%,NA,7.7,8.14,NA,NA,NA,NA,NA
1053489,5143,3735,Cu,Unmeasured,15,NA,NA,C,30,NA,NA,0/00,NA,NA,NA,NA,NA,NA,NA,NA
1053490,5144,3735,Cu,Unmeasured,15,NA,NA,C,30,NA,NA,0/00,NA,NA,NA,NA,NA,NA,NA,NA
1053488,5142,3735,Cu,Unmeasured,10,NA,NA,C,30,NA,NA,0/00,NA,NA,NA,NA,NA,NA,NA,NA
1301502,757396,115854,Cu,Unmeasured,25,NA,NA,C,33,NA,NA,0/00,NA,8.1,8.4,NA,NA,NA,NA,NA
1053487,5141,3735,Cu,Unmeasured,10,NA,NA,C,30,NA,NA,0/00,NA,NA,NA,NA,NA,NA,NA,NA
2307797,2748544,192310,Pb,Measured,26,NA,NA,C,29.5,NA,NA,PSU,7.8,NA,NA,NA,NA,NA,NA,NA
2307792,2748535,192310,Pb,Measured,26,NA,NA,C,29.5,NA,NA,PSU,7.8,NA,NA,NA,NA,NA,NA,NA
2146952,2279335,166028,Cu,Unmeasured,20,NA,NA,C,38,NA,NA,0/00,8,NA,NA,NA,NA,NA,NA,NA
1070626,12731,5563,Cu,Measured,17,NA,NA,C,NA,34.5,35.5,0/00,NA,NA,NA,NA,NA,NA,NA,NA
1155887,159531,13507,Cu,Measured,NA,11,15,C,34,NA,NA,0/00,8,NA,NA,NA,NA,NA,NA,NA
1135994,90926,11097,Cu,Unmeasured,18,NA,NA,C,38,NA,NA,0/00,NA,NA,NA,NA,NA,NA,NA,NA
1310646,767829,14474,Cu,Unmeasured,NA,NA,NA,NA,NA,NA,NA,NA,NA,NA,NA,NA,NA,NA,NA,NA
1078431,102405,6045,Cu,Unmeasured,NA,13,21,C,NA,27,36,0/00,NA,NA,NA,NA,NA,NA,NA,NA
2148404,2283208,156333,Cu,Unmeasured,21,NA,NA,C,30,NA,NA,PSU,NA,NA,NA,NA,NA,NA,NA,NA
1078425,89398,6045,Cu,Unmeasured,NA,13,21,C,NA,27,36,0/00,NA,NA,NA,NA,NA,NA,NA,NA
1310647,767830,14474,Cu,Unmeasured,NA,NA,NA,NA,NA,NA,NA,NA,NA,NA,NA,NA,NA,NA,NA,NA
2136233,2252278,153073,Cu,Unmeasured,25,NA,NA,C,15,NA,NA,0/00,NA,NA,NA,NA,NA,NA,NA,NA
1310648,767831,14474,Cu,Unmeasured,NA,NA,NA,NA,NA,NA,NA,NA,NA,NA,NA,NA,NA,NA,NA,NA
1135996,90928,11097,Cu,Unmeasured,18,NA,NA,C,38,NA,NA,0/00,NA,NA,NA,NA,NA,NA,NA,NA
1310618,767801,14474,Cu,Unmeasured,NA,NA,NA,NA,NA,NA,NA,NA,NA,NA,NA,NA,NA,NA,NA,NA
1310619,767802,14474,Cu,Unmeasured,NA,NA,NA,NA,NA,NA,NA,NA,NA,NA,NA,NA,NA,NA,NA,NA
1078436,102816,6045,Cu,Unmeasured,NA,13,21,C,NA,27,36,0/00,NA,NA,NA,NA,NA,NA,NA,NA
1310621,767804,14474,Cu,Unmeasured,NA,NA,NA,NA,NA,NA,NA,NA,NA,NA,NA,NA,NA,NA,NA,NA
1179974,82523,15726,Cu,Unmeasured,24,NA,NA,C,NA,NA,NA,NA,NA,NA,NA,NA,NA,NA,NA,NA
1078474,231987,6045,Cu,Unmeasured,NA,13,21,C,NA,27,36,0/00,NA,NA,NA,NA,NA,NA,NA,NA
1135997,90929,11097,Cu,Unmeasured,18,NA,NA,C,38,NA,NA,0/00,NA,NA,NA,NA,NA,NA,NA,NA
1078421,66949,6045,Cu,Unmeasured,NA,13,21,C,NA,27,36,0/00,NA,NA,NA,NA,NA,NA,NA,NA
1135998,90930,11097,Cu,Unmeasured,18,NA,NA,C,38,NA,NA,0/00,NA,NA,NA,NA,NA,NA,NA,NA
1070627,12732,5563,Cu,Measured,17,NA,NA,C,NA,34.5,35.5,0/00,NA,NA,NA,NA,NA,NA,NA,NA
1310620,767803,14474,Cu,Unmeasured,NA,NA,NA,NA,NA,NA,NA,NA,NA,NA,NA,NA,NA,NA,NA,NA
1178108,69500,15500,Cu,Unmeasured,18,NA,NA,C,NA,NA,NA,NA,NA,NA,NA,NA,NA,NA,NA,NA
1135995,90927,11097,Cu,Unmeasured,18,NA,NA,C,38,NA,NA,0/00,NA,NA,NA,NA,NA,NA,NA,NA
1310644,767827,14474,Cu,Unmeasured,NA,NA,NA,NA,NA,NA,NA,NA,NA,NA,NA,NA,NA,NA,NA,NA
1310643,767826,14474,Cu,Unmeasured,NA,NA,NA,NA,NA,NA,NA,NA,NA,NA,NA,NA,NA,NA,NA,NA
1310622,767805,14474,Cu,Unmeasured,NA,NA,NA,NA,NA,NA,NA,NA,NA,NA,NA,NA,NA,NA,NA,NA
1070628,12733,5563,Cu,Measured,17,NA,NA,C,NA,34.5,35.5,0/00,NA,NA,NA,NA,NA,NA,NA,NA
2019866,2033704,156339,Cu,Unmeasured,25,NA,NA,C,33,NA,NA,0/00,NA,8.1,8.4,NA,NA,NA,NA,NA
1205935,171326,18833,Cu,Unmeasured,20,NA,NA,C,37,NA,NA,0/00,NA,NA,NA,NA,NA,NA,NA,NA
1300800,756472,115854,Cu,Unmeasured,NA,22,25,C,NA,30,35,0/00,NA,NA,NA,NA,NA,NA,NA,NA
2135201,2249958,119554,Cu,Unmeasured,20,NA,NA,C,35,NA,NA,0/00,8.2,NA,NA,NA,NA,NA,NA,NA
1205933,171324,18833,Cu,Unmeasured,20,NA,NA,C,37,NA,NA,0/00,NA,NA,NA,NA,NA,NA,NA,NA
2135202,2249960,119554,Cu,Unmeasured,20,NA,NA,C,35,NA,NA,0/00,8.2,NA,NA,NA,NA,NA,NA,NA
1300793,756465,115854,Cu,Unmeasured,25,NA,NA,C,33,NA,NA,0/00,NA,8.1,8.4,NA,NA,NA,NA,NA
1301479,757358,115854,Cu,Unmeasured,NA,22,25,C,NA,30,35,0/00,NA,NA,NA,NA,NA,NA,NA,NA
1296798,752112,111315,Cu,Unmeasured,20,NA,NA,C,32,NA,NA,0/00,7.9,NA,NA,NA,NA,NA,NA,NA
1300801,756473,115854,Cu,Unmeasured,NA,22,25,C,NA,30,35,0/00,NA,NA,NA,NA,NA,NA,NA,NA
1300806,756479,115854,Cu,Unmeasured,NA,22,25,C,NA,30,35,0/00,NA,NA,NA,NA,NA,NA,NA,NA
1312278,769701,111599,Cu,Unmeasured,25,NA,NA,C,34.5,NA,NA,0/00,NA,7.8,8.2,NA,NA,NA,NA,NA
1310608,767790,14474,Cu,Unmeasured,NA,NA,NA,NA,NA,NA,NA,NA,NA,NA,NA,NA,NA,NA,NA,NA
1205932,171323,18833,Cu,Unmeasured,20,NA,NA,C,37,NA,NA,0/00,NA,NA,NA,NA,NA,NA,NA,NA
1078465,231978,6045,Cu,Unmeasured,NA,20,22,C,36,NA,NA,0/00,NA,NA,NA,NA,NA,NA,NA,NA
2148405,2283209,156333,Cu,Measured,21,NA,NA,C,30,NA,NA,PSU,NA,NA,NA,NA,NA,NA,NA,NA
2148402,2283207,156333,Cu,Unmeasured,21,NA,NA,C,30,NA,NA,PSU,NA,NA,NA,NA,NA,NA,NA,NA
1205934,171325,18833,Cu,Unmeasured,20,NA,NA,C,37,NA,NA,0/00,NA,NA,NA,NA,NA,NA,NA,NA
1300799,756471,115854,Cu,Unmeasured,NA,22,25,C,NA,30,35,0/00,NA,NA,NA,NA,NA,NA,NA,NA
1300788,756460,115854,Cu,Unmeasured,NA,22,25,C,NA,30,35,0/00,NA,NA,NA,NA,NA,NA,NA,NA
1310606,767787,14474,Cu,Unmeasured,NA,NA,NA,NA,NA,NA,NA,NA,NA,NA,NA,NA,NA,NA,NA,NA
2145987,2276128,169694,Cu,Unmeasured,20,NA,NA,C,35,NA,NA,0/00,8.65,NA,NA,NA,NA,NA,NA,NA
2140455,2262926,166160,Cu,Unmeasured,25,NA,NA,C,33,NA,NA,0/00,NA,8.1,8.4,NA,NA,NA,NA,NA
2140455,2262925,166160,Cu,Unmeasured,25,NA,NA,C,33,NA,NA,0/00,NA,8.1,8.4,NA,NA,NA,NA,NA
2135202,2249959,119554,Cu,Unmeasured,20,NA,NA,C,35,NA,NA,0/00,8.2,NA,NA,NA,NA,NA,NA,NA
1053588,126384,3740,Ag,Unmeasured,22,NA,NA,C,28,NA,NA,0/00,NA,NA,NA,NA,NA,NA,NA,NA
1053718,194909,3751,Ag,Unmeasured,20,NA,NA,C,30,NA,NA,0/00,NA,NA,NA,NA,NA,NA,NA,NA
1054942,134343,3825,Ag,Unmeasured,8,NA,NA,C,30,NA,NA,0/00,NA,NA,NA,NA,NA,NA,NA,NA
1205927,171318,18833,Ag,Unmeasured,20,NA,NA,C,37,NA,NA,0/00,NA,NA,NA,NA,NA,NA,NA,NA
1205928,171319,18833,Ag,Unmeasured,20,NA,NA,C,37,NA,NA,0/00,NA,NA,NA,NA,NA,NA,NA,NA
1205926,171317,18833,Ag,Unmeasured,20,NA,NA,C,37,NA,NA,0/00,NA,NA,NA,NA,NA,NA,NA,NA
1285255,739335,76315,Ag,Unmeasured,20,NA,NA,C,34.5,NA,NA,0/00,8.2,NA,NA,NA,NA,NA,NA,NA
1054943,134344,3825,Ag,Unmeasured,20,NA,NA,C,NA,NA,NA,NA,NA,NA,NA,NA,NA,NA,NA,NA
1053591,126387,3740,Ag,Unmeasured,22,NA,NA,C,28,NA,NA,0/00,NA,NA,NA,NA,NA,NA,NA,NA
1053592,126388,3740,Ag,Unmeasured,22,NA,NA,C,28,NA,NA,0/00,NA,NA,NA,NA,NA,NA,NA,NA
1326414,785777,107127,Ag,Unmeasured,20,NA,NA,C,32,NA,NA,0/00,NA,NA,NA,NA,NA,NA,NA,NA
1205929,171320,18833,Ag,Unmeasured,20,NA,NA,C,37,NA,NA,0/00,NA,NA,NA,NA,NA,NA,NA,NA
1053590,126386,3740,Ag,Unmeasured,22,NA,NA,C,28,NA,NA,0/00,NA,NA,NA,NA,NA,NA,NA,NA
1053589,126385,3740,Ag,Unmeasured,22,NA,NA,C,28,NA,NA,0/00,NA,NA,NA,NA,NA,NA,NA,NA
1054976,220863,3825,Ag,Measured,20,NA,NA,C,30,NA,NA,0/00,NA,NA,NA,NA,NA,NA,NA,NA
2114337,2208951,52250,Cr,Unmeasured,19,NA,NA,C,38,NA,NA,0/00,NA,NA,NA,NA,NA,NA,NA,NA
2114334,2208948,52250,Cr,Unmeasured,19,NA,NA,C,38,NA,NA,0/00,NA,NA,NA,NA,NA,NA,NA,NA
1179973,82439,15726,Cr,Unmeasured,24,NA,NA,C,NA,NA,NA,NA,NA,NA,NA,NA,NA,NA,NA,NA
2114335,2208949,52250,Cr,Unmeasured,19,NA,NA,C,38,NA,NA,0/00,NA,NA,NA,NA,NA,NA,NA,NA
2114336,2208950,52250,Cr,Unmeasured,19,NA,NA,C,38,NA,NA,0/00,NA,NA,NA,NA,NA,NA,NA,NA
1140048,94094,11673,Cr,Unmeasured,14,NA,NA,C,NA,NA,NA,NA,NA,NA,NA,NA,NA,NA,NA,NA
1140047,94093,11673,Cr,Unmeasured,14,NA,NA,C,NA,NA,NA,NA,NA,NA,NA,NA,NA,NA,NA,NA
1140045,94091,11673,Cr,Unmeasured,18,NA,NA,C,NA,NA,NA,NA,NA,NA,NA,NA,NA,NA,NA,NA
1140046,94092,11673,Cr,Unmeasured,22,NA,NA,C,NA,NA,NA,NA,NA,NA,NA,NA,NA,NA,NA,NA
1140044,94090,11673,Cr,Unmeasured,14,NA,NA,C,NA,NA,NA,NA,NA,NA,NA,NA,NA,NA,NA,NA
1201121,160584,18307,Cr,Unmeasured,20,NA,NA,C,9,NA,NA,0/00,NA,NA,NA,NA,NA,NA,NA,NA
1201116,160579,18307,Cr,Unmeasured,20,NA,NA,C,27,NA,NA,0/00,NA,NA,NA,NA,NA,NA,NA,NA
1201130,160593,18307,Cr,Unmeasured,20,NA,NA,C,16,NA,NA,0/00,NA,NA,NA,NA,NA,NA,NA,NA
1201119,160582,18307,Cr,Unmeasured,20,NA,NA,C,9,NA,NA,0/00,NA,NA,NA,NA,NA,NA,NA,NA
1201120,160583,18307,Cr,Unmeasured,20,NA,NA,C,9,NA,NA,0/00,NA,NA,NA,NA,NA,NA,NA,NA
1201107,160570,18307,Cr,Unmeasured,20,NA,NA,C,6.8,NA,NA,0/00,NA,NA,NA,NA,NA,NA,NA,NA
2314542,2781646,52818,Cr,Unmeasured,20,NA,NA,C,18,NA,NA,0/00,NA,NA,NA,NA,NA,NA,NA,NA
2314542,2781647,52818,Cr,Unmeasured,20,NA,NA,C,18,NA,NA,0/00,NA,NA,NA,NA,NA,NA,NA,NA
1159875,142884,14137,Cr,Measured,NA,20,21,C,NA,34.5,35.01,0/00,NA,7.7,8.14,NA,NA,NA,NA,NA
2314544,2781653,52818,Cr,Unmeasured,20,NA,NA,C,18,NA,NA,0/00,NA,NA,NA,NA,NA,NA,NA,NA
2314544,2781652,52818,Cr,Unmeasured,20,NA,NA,C,18,NA,NA,0/00,NA,NA,NA,NA,NA,NA,NA,NA
2114272,2208825,167149,Cr,Measured,25,NA,NA,C,NA,29,35,0/00,8.1,8,8.4,NA,NA,NA,NA,NA
2114255,2208798,167149,Cr,Measured,25,NA,NA,C,NA,29,35,0/00,NA,8,8.3,NA,NA,NA,NA,NA
1201124,160587,18307,Cr,Unmeasured,20,NA,NA,C,9,NA,NA,0/00,NA,NA,NA,NA,NA,NA,NA,NA
2299146,2706683,5185,Cr,Unmeasured,21,20,22,C,7,NA,NA,0/00,7.8,NA,NA,NA,NA,NA,NA,NA
1201105,160568,18307,Cr,Unmeasured,20,NA,NA,C,6.8,NA,NA,0/00,NA,NA,NA,NA,NA,NA,NA,NA
1201129,160592,18307,Cr,Unmeasured,20,NA,NA,C,15,NA,NA,0/00,NA,NA,NA,NA,NA,NA,NA,NA
1201131,160594,18307,Cr,Unmeasured,20,NA,NA,C,16,NA,NA,0/00,NA,NA,NA,NA,NA,NA,NA,NA
1201118,160581,18307,Cr,Unmeasured,20,NA,NA,C,7,NA,NA,0/00,NA,NA,NA,NA,NA,NA,NA,NA
2314543,2781649,52818,Cr,Unmeasured,20,NA,NA,C,18,NA,NA,0/00,NA,NA,NA,NA,NA,NA,NA,NA
2314543,2781650,52818,Cr,Unmeasured,20,NA,NA,C,18,NA,NA,0/00,NA,NA,NA,NA,NA,NA,NA,NA
1201108,160571,18307,Cr,Unmeasured,20,NA,NA,C,6.8,NA,NA,0/00,NA,NA,NA,NA,NA,NA,NA,NA
1201122,160585,18307,Cr,Unmeasured,20,NA,NA,C,9,NA,NA,0/00,NA,NA,NA,NA,NA,NA,NA,NA
1159874,142883,14137,Cr,Measured,NA,20,21,C,NA,34.5,35.01,0/00,NA,7.7,8.14,NA,NA,NA,NA,NA
1201106,160569,18307,Cr,Unmeasured,20,NA,NA,C,6.8,NA,NA,0/00,NA,NA,NA,NA,NA,NA,NA,NA
1201112,160575,18307,Cr,Unmeasured,20,NA,NA,C,13.5,NA,NA,0/00,NA,NA,NA,NA,NA,NA,NA,NA
2114271,2208824,167149,Cr,Measured,25,NA,NA,C,NA,30,33,0/00,8.1,8,8.3,NA,NA,NA,NA,NA
2034090,2055215,97664,Cr,Unmeasured,21,NA,NA,C,NA,25,30,0/00,NA,NA,NA,NA,NA,NA,NA,NA
1201110,160573,18307,Cr,Unmeasured,20,NA,NA,C,13.5,NA,NA,0/00,NA,NA,NA,NA,NA,NA,NA,NA
1201126,160589,18307,Cr,Unmeasured,20,NA,NA,C,9,NA,NA,0/00,NA,NA,NA,NA,NA,NA,NA,NA
1201132,160596,18307,Cr,Unmeasured,20,NA,NA,C,33,NA,NA,0/00,NA,NA,NA,NA,NA,NA,NA,NA
1201123,160586,18307,Cr,Unmeasured,20,NA,NA,C,9,NA,NA,0/00,NA,NA,NA,NA,NA,NA,NA,NA
1201117,160580,18307,Cr,Unmeasured,20,NA,NA,C,7,NA,NA,0/00,NA,NA,NA,NA,NA,NA,NA,NA
1201128,160591,18307,Cr,Unmeasured,20,NA,NA,C,15,NA,NA,0/00,NA,NA,NA,NA,NA,NA,NA,NA
1236962,215847,66691,Cr,Unmeasured,20,NA,NA,C,18,NA,NA,0/00,NA,NA,NA,NA,NA,NA,NA,NA
1201127,160590,18307,Cr,Unmeasured,20,NA,NA,C,9,NA,NA,0/00,NA,NA,NA,NA,NA,NA,NA,NA
1201125,160588,18307,Cr,Unmeasured,20,NA,NA,C,9,NA,NA,0/00,NA,NA,NA,NA,NA,NA,NA,NA
1201111,160574,18307,Cr,Unmeasured,20,NA,NA,C,13.5,NA,NA,0/00,NA,NA,NA,NA,NA,NA,NA,NA
2114273,2208826,167149,Cr,Measured,25,NA,NA,C,NA,30.4,36,0/00,8.1,8,8.4,NA,NA,NA,NA,NA
1179972,81929,15726,Cd,Unmeasured,24,NA,NA,C,NA,NA,NA,NA,NA,NA,NA,NA,NA,NA,NA,NA
2136234,2252281,153073,Cd,Unmeasured,25,NA,NA,C,15,NA,NA,0/00,NA,NA,NA,NA,NA,NA,NA,NA
1135993,90613,11097,Cd,Unmeasured,18,NA,NA,C,38,NA,NA,0/00,NA,NA,NA,NA,NA,NA,NA,NA
1070633,15838,5563,Cd,Measured,17,NA,NA,C,NA,34.5,35.5,0/00,NA,NA,NA,NA,NA,NA,NA,NA
2307791,2748533,192310,Cd,Measured,26,NA,NA,C,29.5,NA,NA,PSU,7.8,NA,NA,NA,NA,NA,NA,NA
1070632,15837,5563,Cd,Measured,17,NA,NA,C,NA,34.5,35.5,0/00,NA,NA,NA,NA,NA,NA,NA,NA
2307795,2748541,192310,Cd,Measured,26,NA,NA,C,29.5,NA,NA,PSU,7.8,NA,NA,NA,NA,NA,NA,NA
1135991,90611,11097,Cd,Unmeasured,18,NA,NA,C,38,NA,NA,0/00,NA,NA,NA,NA,NA,NA,NA,NA
1135990,90610,11097,Cd,Unmeasured,18,NA,NA,C,38,NA,NA,0/00,NA,NA,NA,NA,NA,NA,NA,NA
1165807,189248,14601,Cd,Unmeasured,15,NA,NA,C,30,NA,NA,0/00,NA,NA,NA,NA,NA,NA,NA,NA
1135989,90609,11097,Cd,Unmeasured,18,NA,NA,C,38,NA,NA,0/00,NA,NA,NA,NA,NA,NA,NA,NA
1135992,90612,11097,Cd,Unmeasured,18,NA,NA,C,38,NA,NA,0/00,NA,NA,NA,NA,NA,NA,NA,NA
1070634,15839,5563,Cd,Measured,17,NA,NA,C,NA,34.5,35.5,0/00,NA,NA,NA,NA,NA,NA,NA,NA
1129768,85199,10443,Cd,Measured,22,NA,NA,C,10,NA,NA,0/00,NA,NA,NA,NA,NA,NA,NA,NA
1116278,107520,9029,Cd,Unmeasured,13,NA,NA,C,20,NA,NA,0/00,NA,NA,NA,NA,NA,NA,NA,NA
1129769,85200,10443,Cd,Measured,22,NA,NA,C,10,NA,NA,0/00,NA,NA,NA,NA,NA,NA,NA,NA
1159839,142848,14137,Cd,Measured,NA,20,21,C,NA,34.5,35.01,0/00,NA,7.7,8.14,NA,NA,NA,NA,NA
1159838,142847,14137,Cd,Measured,NA,20,21,C,NA,34.5,35.01,0/00,NA,7.7,8.14,NA,NA,NA,NA,NA
1210147,186387,19281,Cd,Unmeasured,20,NA,NA,C,NA,34.5,35,0/00,NA,7.7,8.14,NA,NA,NA,NA,NA
1210145,186385,19281,Cd,Unmeasured,20,NA,NA,C,NA,34.5,35,0/00,NA,7.7,8.14,NA,NA,NA,NA,NA
1116277,107519,9029,Cd,Unmeasured,21,NA,NA,C,20,NA,NA,0/00,NA,NA,NA,NA,NA,NA,NA,NA
1165805,189246,14601,Cd,Unmeasured,10,NA,NA,C,30,NA,NA,0/00,NA,NA,NA,NA,NA,NA,NA,NA
1191628,166350,17219,Cd,Measured,NA,24,25,C,25,24,27,0/00,NA,7.89,8.45,NA,NA,NA,NA,NA
1165809,189250,14601,Cd,Unmeasured,15,NA,NA,C,30,NA,NA,0/00,NA,NA,NA,NA,NA,NA,NA,NA
1037866,104471,2332,Cd,Unmeasured,NA,NA,NA,NA,7,NA,NA,0/00,NA,NA,NA,NA,NA,NA,NA,NA
1165808,189249,14601,Cd,Unmeasured,15,NA,NA,C,30,NA,NA,0/00,NA,NA,NA,NA,NA,NA,NA,NA
1035623,54864,2183,Cd,Unmeasured,20,NA,NA,C,7,NA,NA,0/00,8,NA,NA,NA,NA,NA,NA,NA
1165806,189247,14601,Cd,Unmeasured,10,NA,NA,C,30,NA,NA,0/00,NA,NA,NA,NA,NA,NA,NA,NA
1037865,104470,2332,Cd,Unmeasured,NA,NA,NA,NA,15,NA,NA,0/00,NA,NA,NA,NA,NA,NA,NA,NA
1116276,107518,9029,Cd,Unmeasured,18,NA,NA,C,15,NA,NA,0/00,NA,NA,NA,NA,NA,NA,NA,NA
1191627,166349,17219,Cd,Measured,24,NA,NA,C,15,14,16,0/00,NA,8.09,8.38,NA,NA,NA,NA,NA
1210146,186386,19281,Cd,Unmeasured,20,NA,NA,C,NA,34.5,35,0/00,NA,7.7,8.14,NA,NA,NA,NA,NA
1295986,751250,111315,Cd,Unmeasured,20,NA,NA,C,32,NA,NA,0/00,7.9,NA,NA,NA,NA,NA,NA,NA
1191626,166348,17219,Cd,Measured,NA,24,25,C,5,5,6,0/00,NA,7.53,8.76,NA,NA,NA,NA,NA
2146950,2279333,166028,Hg,Unmeasured,20,NA,NA,C,38,NA,NA,0/00,8,NA,NA,NA,NA,NA,NA,NA
2146953,2279336,166028,Cd,Unmeasured,20,NA,NA,C,38,NA,NA,0/00,8,NA,NA,NA,NA,NA,NA,NA
