Metal,Stage_group,Reference_ID,Species,Temperature,Salinity,Source_Origin
Cu,Adult,E_115854,Tigriopus japonicus,25,33,ECOTOX
Cu,Adult,E_2183,Nitocra spinipes,20,7,ECOTOX
Cu,Adult,E_14137,Tisbe battagliai,20.55,34.754999999999995,ECOTOX
Cu,Nauplii,E_14137,Tisbe battagliai,20.55,34.754999999999995,ECOTOX
Cd,Adult,E_8445,Acartia tonsa,20,30,ECOTOX
Cd,Adult,E_9365,Amphiascus tenuiremis,20.8,30.7,ECOTOX
Cu,Adult,E_8445,Acartia tonsa,20,30,ECOTOX
Cu,Nauplii,E_166814,Tigriopus fulvus,20,38,ECOTOX
Cu,Nauplii,E_18395,Eurytemora affinis,24.55,15.5,ECOTOX
Cu,Nauplii,E_107036,Eurytemora affinis,24.9,5,ECOTOX
Cu,Nauplii,E_107036,Eurytemora affinis,25,25,ECOTOX
Cu,Nauplii,E_107036,Eurytemora affinis,24.85,15,ECOTOX
Cu,Adult,E_3735,Pseudodiaptomus coronatus,15,30,ECOTOX
Cu,Adult,E_3735,Eurytemora affinis,15,30,ECOTOX
Cu,Adult,E_3735,Acartia clausi,10,30,ECOTOX
Cu,Adult,E_156333,Robertgurneya hopkinsi,21,30,ECOTOX
Cu,Adult,E_153073,Paracyclopina nana,25,15,ECOTOX
Cu,Adult,E_156339,Tigriopus japonicus,25,33,ECOTOX
Cu,Adult,E_18833,Tigriopus brevicornis,20,37,ECOTOX
Cu,Adult,E_115854,Tigriopus japonicus,23.5,32.5,ECOTOX
Cu,Adult,E_111315,Tigriopus japonicus,20,32,ECOTOX
Cu,Adult,E_111599,Tigriopus japonicus,25,34.5,ECOTOX
Cu,Nauplii,E_18833,Tigriopus brevicornis,20,37,ECOTOX
Cu,Adult,E_156333,Nitocra spinipes,21,30,ECOTOX
Cu,Adult,E_169694,Tigriopus japonicus,20,35,ECOTOX
Cu,Adult,E_166160,Tigriopus japonicus,25,33,ECOTOX
Cd,Adult,E_153073,Paracyclopina nana,25,15,ECOTOX
Cd,Adult,E_192310,Oithona similis,26,29.5,ECOTOX
Cd,Adult,E_192310,Acartia danae,26,29.5,ECOTOX
Cd,Nauplii,E_10443,Eurytemora affinis,22,10,ECOTOX
Cd,Adult,E_9029,Acartia tonsa,13,20,ECOTOX
Cd,Nauplii,E_10443,Acartia tonsa,22,10,ECOTOX
Cd,Adult,E_14137,Tisbe battagliai,20.5,34.754999999999995,ECOTOX
Cd,Nauplii,E_14137,Tisbe battagliai,20.5,34.754999999999995,ECOTOX
Cd,Nauplii,E_19281,Tigriopus brevicornis,20,34.75,ECOTOX
Cd,Adult,E_9029,Acartia tonsa,21,20,ECOTOX
Cd,Adult,E_14601,Eurytemora affinis,15,30,ECOTOX
Cd,Adult,E_2183,Nitocra spinipes,20,7,ECOTOX
Cd,Adult,E_14601,Acartia clausi,10,30,ECOTOX
Cd,Adult,E_9029,Acartia tonsa,18,15,ECOTOX
Cd,Adult,E_111315,Tigriopus japonicus,20,32,ECOTOX
Cd,Adult,W_002,Pseudodiaptomus annandalei,26,15,WoS_supplemental
Cd,Adult,W_002,Eurytemora affinis,18,15,WoS_supplemental
Cd,Nauplii,W_009,Pseudodiaptomus annandalei,26,15,WoS_supplemental
Cu,Adult,W_011,Gladioferens pectinatus,20,30,WoS_supplemental
Cd,Adult,W_012,Tigriopus japonicus,20,30,WoS_supplemental
Cu,Adult,W_013,Eurytemora affinis,18,15,WoS_supplemental
