Metal,Stage_group,Results,Tests,References,Species,ECOTOX_Results,WoS_Results
Ag,Adult,10,10,5,4,10,0
Ag,Copepodite,1,1,1,1,1,0
Ag,Nauplii,1,1,1,1,1,0
Cd,Adult,30,24,13,13,17,13
Cd,Copepodite,3,3,3,3,2,1
Cd,Nauplii,8,8,6,7,7,1
Cd,Neonate,3,3,1,1,3,0
Cu,Adult,41,37,20,15,35,6
Cu,Copepodite,7,7,3,3,7,0
Cu,Egg,1,1,1,1,1,0
Cu,Juvenile,1,1,1,1,1,0
Cu,Nauplii,23,23,13,7,21,2
Hg,Adult,7,4,4,4,3,4
Hg,Copepodite,8,3,2,2,0,8
Hg,Nauplii,2,2,2,2,2,0
Ni,Adult,19,15,6,11,7,12
Ni,Neonate,1,1,1,1,1,0
Pb,Adult,3,3,2,3,3,0
Zn,Adult,27,25,8,11,27,0
Zn,Copepodite,4,2,1,2,0,4
Zn,Nauplii,6,6,4,4,2,4
