Thesis_figure,Filename_stem,Primary_analysis_source
Figure 4.1,Figure_4_01_evidence_landscape,03_audit_metal_support + 04_fit_pooled_metal_model
Figure 4.2,Figure_4_02_pooled_results_and_model_estimates,04_fit_pooled_metal_model
Figure 4.3,Figure_4_03_pooled_pairwise_contrasts,04_fit_pooled_metal_model
Figure 4.4,Figure_4_04_within_reference_metal_comparisons,05_compare_metals_within_references
Figure 4.5,Figure_4_05_matched_metal_associations,14_analyze_metal_covariance
Figure 4.6,Figure_4_06_covariance_components,14_analyze_metal_covariance
Figure 4.7,Figure_4_07_stage_results_and_model_estimates,11_fit_stage_model
Figure 4.8,Figure_4_08_stage_contrasts_and_interaction,11_fit_stage_model
Figure 4.9,Figure_4_09_within_reference_stage_comparisons,09_compare_stages_within_references
Figure 4.10,Figure_4_10_order_results_and_model_estimates,13_fit_order_model
Figure 4.11,Figure_4_11_order_contrasts_and_interaction,13_fit_order_model
Figure 4.12,Figure_4_12_exposure_duration_comparisons,06_compare_exposure_duration
Figure 4.13,Figure_4_13_salinity_comparisons,07_assess_salinity_temperature
Figure 4.14,Figure_4_14_temperature_comparisons,07_assess_salinity_temperature
Figure 4.15,Figure_4_15_pooled_model_robustness,04_fit_pooled_metal_model
Figure 4.16,Figure_4_16_stage_model_robustness,11_fit_stage_model
Figure 4.17,Figure_4_17_order_model_robustness,13_fit_order_model
Figure C.1,Figure_C_01_pH_salinity_confounding,08_assess_ph_evidence
Figure D.7,Figure_D_07_additional_metal_associations,14_analyze_metal_covariance
