Estimand,Method,Ratio
Cu / Cd,LORO,0.6933907030668398
Cu / Zn,LORO,0.2535759218438705
Cd / Zn,LORO,0.36570424253211664
Cu / Cd,LORO,0.7434954651215693
Cu / Zn,LORO,0.23663797181906163
Cd / Zn,LORO,0.31827762632065126
Cu / Cd,LORO,0.8475900251743178
Cu / Zn,LORO,0.2495051261504885
Cd / Zn,LORO,0.2943700595098138
Cu / Cd,LORO,0.8120710071726227
Cu / Zn,LORO,0.20196827070403783
Cd / Zn,LORO,0.2487076486171181
Cu / Cd,LORO,0.730072541813086
Cu / Zn,LORO,0.23430001015218552
Cd / Zn,LORO,0.3209270267449276
Cu / Cd,LORO,0.7342307715270009
Cu / Zn,LORO,0.24108133077994742
Cd / Zn,LORO,0.3283454468661994
Cu / Cd,LORO,0.7481918873003967
Cu / Zn,LORO,0.23071434161483564
Cd / Zn,LORO,0.3083625277564719
Cu / Cd,LORO,0.7286129246008136
Cu / Zn,LORO,0.23376467162213124
Cd / Zn,LORO,0.3208351975779242
Cu / Cd,LORO,0.8139944469594578
Cu / Zn,LORO,0.24409331382339658
Cd / Zn,LORO,0.2998709815959642
Cu / Cd,LORO,0.773846442102388
Cu / Zn,LORO,0.22903242237222615
Cd / Zn,LORO,0.2959662407311589
Cu / Cd,LORO,0.7267464779987606
Cu / Zn,LORO,0.21297265118138906
Cd / Zn,LORO,0.29304944382785475
Cu / Cd,LORO,0.6438062483530895
Cu / Zn,LORO,0.224489735858978
Cd / Zn,LORO,0.34869145248782785
Cu / Cd,LORO,0.7286236032441097
Cu / Zn,LORO,0.23655852476572992
Cd / Zn,LORO,0.3246649212466921
Cu / Cd,LORO,0.735190975670181
Cu / Zn,LORO,0.23703888613725774
Cd / Zn,LORO,0.3224181117310087
Cu / Cd,LORO,0.7310025700896577
Cu / Zn,LORO,0.23628261990100094
Cd / Zn,LORO,0.3232309017354355
Cu / Cd,LORO,0.7413545455332117
Cu / Zn,LORO,0.2390317136980176
Cd / Zn,LORO,0.32242563984833533
Cu / Cd,LORO,0.7242565279720862
Cu / Zn,LORO,0.23102388531470125
Cd / Zn,LORO,0.31898074286132666
Cu / Cd,LORO,0.7406108616094507
Cu / Zn,LORO,0.24084849220109295
Cd / Zn,LORO,0.32520248444330885
Cu / Cd,LORO,0.6727483319160315
Cu / Zn,LORO,0.18077525023644772
Cd / Zn,LORO,0.26871155476757247
Cu / Cd,LORO,0.7181849642199556
Cu / Zn,LORO,0.20175974283725387
Cd / Zn,LORO,0.28093005686410016
Cu / Cd,LORO,0.7294728752456237
Cu / Zn,LORO,0.23363574746072685
Cd / Zn,LORO,0.32028023986780646
Cu / Cd,LORO,0.7061965962625127
Cu / Zn,LORO,0.23427842565336374
Cd / Zn,LORO,0.3317467499748129
Cu / Cd,LORO,0.7651935387243635
Cu / Zn,LORO,0.2398108426349843
Cd / Zn,LORO,0.3133989383062061
Cu / Cd,LORO,0.7395043414379041
Cu / Zn,LORO,0.23765838020156332
Cd / Zn,LORO,0.3213752332264292
Cu / Cd,LORO,0.6975497509019362
Cu / Zn,LORO,0.20268055329612936
Cd / Zn,LORO,0.2905607134603118
Cu / Cd,LORO,0.6921010092262454
Cu / Zn,LORO,0.22914430350478338
Cd / Zn,LORO,0.3310850590450113
Cu / Cd,LORO,0.6741196149217745
Cu / Zn,LORO,0.22411233669674605
Cd / Zn,LORO,0.3324518850007832
Cu / Cd,LORO,0.7008266738766327
Cu / Zn,LORO,0.19076632612409888
Cd / Zn,LORO,0.27220186279279623
Cu / Cd,LORO,0.6939730651479836
Cu / Zn,LORO,0.26871765669453945
Cd / Zn,LORO,0.38721626269059556
Cu / Cd,LORO,0.7076271999863626
Cu / Zn,LORO,0.24560896600294221
Cd / Zn,LORO,0.3470880797228761
Cu / Cd,LORO,0.7357193649021382
Cu / Zn,LORO,0.25933955544022586
Cd / Zn,LORO,0.3524979330600085
Cu / Cd,LORO,0.7198134143035083
Cu / Zn,LORO,0.23143752636787596
Cd / Zn,LORO,0.3215243308459526
Cu / Cd,LORO,0.7358021804183162
Cu / Zn,LORO,0.25930939305046335
Cd / Zn,LORO,0.3524172664221265
Cu / Cd,LORO,0.733416397492907
Cu / Zn,LORO,0.2458514610880235
Cd / Zn,LORO,0.33521402293217906
Cu / Cd,LORO,0.7306932196061342
Cu / Zn,LORO,0.23475745011973326
Cd / Zn,LORO,0.3212804550811004
Cu / Cd,LORO,0.745649106119584
Cu / Zn,LORO,0.23605038652579385
Cd / Zn,LORO,0.3165703339392686
Cu / Cd,LORO,0.7306197441042047
Cu / Zn,LORO,0.24021015611960203
Cd / Zn,LORO,0.32877588931588203
Cu / Cd,LORO,0.9317244534190752
Cu / Zn,LORO,0.2575249609631424
Cd / Zn,LORO,0.2763960525218841
Cu / Cd,LORO,0.7202956188820181
Cu / Zn,LORO,0.2363371748106211
Cd / Zn,LORO,0.3281113595796177
Cu / Cd,LORO,0.7243915476548138
Cu / Zn,LORO,0.23457634570008587
Cd / Zn,LORO,0.32382534895598464
Cu / Cd,LORO,0.7053622925738581
Cu / Zn,LORO,0.2339212826558517
Cd / Zn,LORO,0.3316328149641738
Cu / Cd,LORO,0.7363048389451553
Cu / Zn,LORO,0.2388212543626114
Cd / Zn,LORO,0.3243510591411451
Cu / Cd,LORO,0.706583431062826
Cu / Zn,LORO,0.23474606918628493
Cd / Zn,LORO,0.33222696551656394
Cu / Cd,LORO,0.7271762694062733
Cu / Zn,LORO,0.23297778943959271
Cd / Zn,LORO,0.32038695326212313
Cu / Cd,LORO,0.7597742163768009
Cu / Zn,LORO,0.2327864655722665
Cd / Zn,LORO,0.306389004199662
Cu / Cd,LORO,0.7610999786291365
Cu / Zn,LORO,0.23979099089617878
Cd / Zn,LORO,0.3150584648919331
Cu / Cd,LORO,0.7347610390256742
Cu / Zn,LORO,0.24370384292369604
Cd / Zn,LORO,0.33167768836363204
