Raw_Row,Test_Number,Result_Number,Reference_Number,Metal,Chemical_Name,Species,Order,Lifestage,Duration_days,Exposure_Type,Conc_Type,Mean_Op,Mean,Min,Max,Units,Analysis_Point,Analysis_Units,Temperature,Salinity,pH,Organic_Carbon,Title,Eligibility_Status,Eligibility_Reason,Atomic_Weight_g_mol,Basis_Interpretation,LC50_target_mg_L,LC50_umol_L,ln_LC50_umol_L,Harmonization_Status,Harmonization_Rule,Metal_Role,Core_Pairwise_Ready,Temperature_Raw_Mean,Temperature_Raw_Min,Temperature_Raw_Max,Temperature_Raw_Units,Temperature_Repair_Status,Salinity_Raw_Mean,Salinity_Raw_Min,Salinity_Raw_Max,Salinity_Raw_Units,Salinity_Repair_Status,pH_Raw_Mean,pH_Raw_Min,pH_Raw_Max,pH_Raw_Units,pH_Repair_Status,Organic_Carbon_Raw_Mean,Organic_Carbon_Raw_Min,Organic_Carbon_Raw_Max,Organic_Carbon_Raw_Units,Organic_Carbon_Repair_Status,Source_Origin,Reference_ID,Test_ID,Result_ID,External_Audit_ID,External_DOI,External_Reference_Label,External_Stage_Sex,External_Concentration_Type_Detail,External_Source_Location,External_Source_Note,Stage_text,Stage_group,Stage_role,ln_LC50,Stage,x
14,1301484,757363,115854,Cu,"Acetic acid, Copper(2+) salt",Tigriopus japonicus,Harpacticoida,Adult,4,"Aquatic, unspecified",Total,NA,743,NA,NA,ug/L,743,ug/L,25,33,8.25,NA,Copper Toxicity in the Marine Copepod Tigropus japonicus:  Low Variability and High Reproducibility of Repeated Acute and Life-Cycle Tests,PRIMARY_KEEP,Eligible copepod LC50 candidate,63.546,ECOTOX_STANDARDIZED_TARGET_METAL,0.743,11.692317376388758,2.458931991628172,HARMONIZED,ECOTOX standardized concentration used; for metal salts ECOTOX generally expresses concentration as active ionic form.,CORE,YES,25,NA,NA,C,EXISTING_MEAN_PRESERVED,33,NA,NA,0/00,EXISTING_MEAN_PRESERVED,NA,8.1,8.4,NA,RAW_RANGE_MIDPOINT_RECOVERED,NA,NA,NA,NA,MISSING,ECOTOX,E_115854,E_T1301484,E_R757363,NA,NA,NA,NA,NA,NA,NA,Adult,Adult,PRIMARY_STAGE_CONTRAST,2.4589319916281718,Adult,1
49,1035621,54724,2183,Cu,Copper chloride,Nitocra spinipes,Harpacticoida,Adult,4,Static,Total,NA,1800,1300,2400,ug/L,1800,ug/L,20,7,8,NA,Use of a Harpacticoid Copepod in Toxicity Tests,PRIMARY_KEEP,Eligible copepod LC50 candidate,63.546,ECOTOX_STANDARDIZED_TARGET_METAL,1.8,28.325937116419603,3.343777890794669,HARMONIZED,ECOTOX standardized concentration used; for metal salts ECOTOX generally expresses concentration as active ionic form.,CORE,YES,20,NA,NA,C,EXISTING_MEAN_PRESERVED,7,NA,NA,0/00,EXISTING_MEAN_PRESERVED,8,NA,NA,NA,EXISTING_MEAN_PRESERVED,NA,NA,NA,NA,MISSING,ECOTOX,E_2183,E_T1035621,E_R54724,NA,NA,NA,NA,NA,NA,NA,Adult,Adult,PRIMARY_STAGE_CONTRAST,3.343777890794669,Adult,1
59,1159856,142865,14137,Cu,"Nitric acid, Copper(2+) salt",Tisbe battagliai,Harpacticoida,Adult,4,Renewal,Total,NA,88,NA,NA,ug/L,88,ug/L,20.55,34.754999999999995,7.92,NA,"Toxicity of Cadmium, Hexavalent Chromium and Copper to Marine Fish Larvae (Cypinodon variegatus) and Copepods (Tisbe battagliai)",PRIMARY_KEEP,Eligible copepod LC50 candidate,63.546,ECOTOX_STANDARDIZED_TARGET_METAL,0.088,1.3848235923582917,0.32557276138861935,HARMONIZED,ECOTOX standardized concentration used; for metal salts ECOTOX generally expresses concentration as active ionic form.,CORE,YES,NA,20.1,21,C,RAW_RANGE_MIDPOINT_RECOVERED,NA,34.5,35.01,0/00,RAW_RANGE_MIDPOINT_RECOVERED,NA,7.7,8.14,NA,RAW_RANGE_MIDPOINT_RECOVERED,NA,NA,NA,NA,MISSING,ECOTOX,E_14137,E_T1159856,E_R142865,NA,NA,NA,NA,NA,NA,NA,Adult,Adult,PRIMARY_STAGE_CONTRAST,0.32557276138861935,Adult,1
61,1159857,142866,14137,Cu,"Nitric acid, Copper(2+) salt",Tisbe battagliai,Harpacticoida,Nauplii,4,Renewal,Total,NA,64,NA,NA,ug/L,64,ug/L,20.55,34.754999999999995,7.92,NA,"Toxicity of Cadmium, Hexavalent Chromium and Copper to Marine Fish Larvae (Cypinodon variegatus) and Copepods (Tisbe battagliai)",PRIMARY_KEEP,Eligible copepod LC50 candidate,63.546,ECOTOX_STANDARDIZED_TARGET_METAL,0.064,1.0071444308060302,0.00711903027008462,HARMONIZED,ECOTOX standardized concentration used; for metal salts ECOTOX generally expresses concentration as active ionic form.,CORE,YES,NA,20.1,21,C,RAW_RANGE_MIDPOINT_RECOVERED,NA,34.5,35.01,0/00,RAW_RANGE_MIDPOINT_RECOVERED,NA,7.7,8.14,NA,RAW_RANGE_MIDPOINT_RECOVERED,NA,NA,NA,NA,MISSING,ECOTOX,E_14137,E_T1159857,E_R142866,NA,NA,NA,NA,NA,NA,NA,Nauplii,Nauplii,PRIMARY_STAGE_CONTRAST,0.007119030270084629,Nauplii,3
193,1111941,23767,8445,Cd,Cadmium,Acartia tonsa,Calanoida,Adult,4,Static,Total,NA,122,60,341,ug/L,122,ug/L,20,30,NA,NA,"Toxicological Comparison of Natural and Cultured Populations of Acartia tonsa to Cadmium, Copper, and Mercury",PRIMARY_KEEP,Eligible copepod LC50 candidate,112.414,ECOTOX_STANDARDIZED_TARGET_METAL,0.122,1.0852740761826818,0.08183255986987334,HARMONIZED,ECOTOX standardized concentration used; for metal salts ECOTOX generally expresses concentration as active ionic form.,CORE,YES,20,NA,NA,C,EXISTING_MEAN_PRESERVED,30,NA,NA,0/00,EXISTING_MEAN_PRESERVED,NA,NA,NA,NA,MISSING,NA,NA,NA,NA,MISSING,ECOTOX,E_8445,E_T1111941,E_R23767,NA,NA,NA,NA,NA,NA,NA,Adult,Adult,PRIMARY_STAGE_CONTRAST,0.08183255986987334,Adult,6
203,1120299,126283,9365,Cd,Cadmium,Amphiascus tenuiremis,Harpacticoida,Adult,4,Static,Total,NA,224,213,234,ug/L,224,ug/L,20.8,30.7,7.8,NA,"Aqueous-, Pore-Water-, and Sediment-Phase Cadmium: Toxicity Relationships for a Meiobenthic Copepod",PRIMARY_KEEP,Eligible copepod LC50 candidate,112.414,ECOTOX_STANDARDIZED_TARGET_METAL,0.224,1.9926343693845965,0.6894575669916567,HARMONIZED,ECOTOX standardized concentration used; for metal salts ECOTOX generally expresses concentration as active ionic form.,CORE,YES,20.8,NA,NA,C,EXISTING_MEAN_PRESERVED,30.7,NA,NA,0/00,EXISTING_MEAN_PRESERVED,7.8,NA,NA,NA,EXISTING_MEAN_PRESERVED,NA,NA,NA,NA,MISSING,ECOTOX,E_9365,E_T1120299,E_R126283,NA,NA,NA,NA,NA,NA,NA,Adult,Adult,PRIMARY_STAGE_CONTRAST,0.6894575669916568,Adult,6
268,1078810,12517,6079,Cu,Copper,Calanoida,Calanoida,Adult,4,Static,Total,NA,60,NA,NA,ug/L,60,ug/L,21,NA,NA,NA,"Evaluation of Potential Indicators of Sub-Lethal Toxic Stress on Marine Zooplankton (Feeding, Fecundity, Respiration, and Excretion): Controlled Ecosystem Pollution Experiment",PRIMARY_KEEP,Eligible copepod LC50 candidate,63.546,ECOTOX_STANDARDIZED_TARGET_METAL,0.06,0.9441979038806534,-0.05741949086748648,HARMONIZED,ECOTOX standardized concentration used; for metal salts ECOTOX generally expresses concentration as active ionic form.,CORE,YES,21,NA,NA,C,EXISTING_MEAN_PRESERVED,NA,NA,NA,NA,MISSING,NA,NA,NA,NA,MISSING,NA,NA,NA,NA,MISSING,ECOTOX,E_6079,E_T1078810,E_R12517,NA,NA,NA,NA,NA,NA,NA,Adult,Adult,PRIMARY_STAGE_CONTRAST,-0.05741949086748648,Adult,1
348,1111945,23785,8445,Cu,Copper,Acartia tonsa,Calanoida,Adult,4,Static,Total,NA,17,9,29,ug/L,17,ug/L,20,30,NA,NA,"Toxicological Comparison of Natural and Cultured Populations of Acartia tonsa to Cadmium, Copper, and Mercury",PRIMARY_KEEP,Eligible copepod LC50 candidate,63.546,ECOTOX_STANDARDIZED_TARGET_METAL,0.017,0.2675227394328518,-1.318550709033371,HARMONIZED,ECOTOX standardized concentration used; for metal salts ECOTOX generally expresses concentration as active ionic form.,CORE,YES,20,NA,NA,C,EXISTING_MEAN_PRESERVED,30,NA,NA,0/00,EXISTING_MEAN_PRESERVED,NA,NA,NA,NA,MISSING,NA,NA,NA,NA,MISSING,ECOTOX,E_8445,E_T1111945,E_R23785,NA,NA,NA,NA,NA,NA,NA,Adult,Adult,PRIMARY_STAGE_CONTRAST,-1.318550709033371,Adult,1
349,1047099,115192,2977,Cu,Copper,Tigriopus californicus,Harpacticoida,Nauplii,4,Renewal,Total,NA,2.5,0.9,3.9,M,2.5,M,NA,35,NA,NA,"Copper Tolerance of the Life History Stages of the Splashpool Copepod Tigriopus californicus (Copepoda, Harpacticoida)",PRIMARY_KEEP,Eligible copepod LC50 candidate,63.546,SOURCE_VERIFIED_MICROMOLAR,0.158865,2.5,0.9162907318741552,HARMONIZED,"O'Brien et al. (1988), Table 1, p. 61: total dissolved Cu LC50 in 10^-6 M. Analysis_Point is used directly as umol Cu/L; LC95 and cupric-ion-activity columns are not used.",CORE,YES,NA,NA,NA,NA,MISSING,35,NA,NA,0/00,EXISTING_MEAN_PRESERVED,NA,NA,NA,NA,MISSING,NA,NA,NA,NA,MISSING,ECOTOX,E_2977,E_T1047099,E_R115192,NA,NA,NA,NA,NA,NA,NA,Nauplii,Nauplii,PRIMARY_STAGE_CONTRAST,0.9162907318741551,Nauplii,3
351,1047101,115194,2977,Cu,Copper,Tigriopus californicus,Harpacticoida,Nauplii,4,Renewal,Total,NA,4.1,3.3,5,M,4.1,M,NA,35,NA,NA,"Copper Tolerance of the Life History Stages of the Splashpool Copepod Tigriopus californicus (Copepoda, Harpacticoida)",PRIMARY_KEEP,Eligible copepod LC50 candidate,63.546,SOURCE_VERIFIED_MICROMOLAR,0.26053859999999995,4.1,1.410986973710262,HARMONIZED,"O'Brien et al. (1988), Table 1, p. 61: total dissolved Cu LC50 in 10^-6 M. Analysis_Point is used directly as umol Cu/L; LC95 and cupric-ion-activity columns are not used.",CORE,YES,NA,NA,NA,NA,MISSING,35,NA,NA,0/00,EXISTING_MEAN_PRESERVED,NA,NA,NA,NA,MISSING,NA,NA,NA,NA,MISSING,ECOTOX,E_2977,E_T1047101,E_R115194,NA,NA,NA,NA,NA,NA,NA,Nauplii,Nauplii,PRIMARY_STAGE_CONTRAST,1.410986973710262,Nauplii,3
352,1047097,115190,2977,Cu,Copper,Tigriopus californicus,Harpacticoida,Nauplii,4,Renewal,Total,NA,1.2,0.6,1.6,M,1.2,M,NA,35,NA,NA,"Copper Tolerance of the Life History Stages of the Splashpool Copepod Tigriopus californicus (Copepoda, Harpacticoida)",PRIMARY_KEEP,Eligible copepod LC50 candidate,63.546,SOURCE_VERIFIED_MICROMOLAR,0.0762552,1.2,0.1823215567939546,HARMONIZED,"O'Brien et al. (1988), Table 1, p. 61: total dissolved Cu LC50 in 10^-6 M. Analysis_Point is used directly as umol Cu/L; LC95 and cupric-ion-activity columns are not used.",CORE,YES,NA,NA,NA,NA,MISSING,35,NA,NA,0/00,EXISTING_MEAN_PRESERVED,NA,NA,NA,NA,MISSING,NA,NA,NA,NA,MISSING,ECOTOX,E_2977,E_T1047097,E_R115190,NA,NA,NA,NA,NA,NA,NA,Nauplii,Nauplii,PRIMARY_STAGE_CONTRAST,0.1823215567939546,Nauplii,3
354,1047100,115193,2977,Cu,Copper,Tigriopus californicus,Harpacticoida,Nauplii,4,Renewal,Total,NA,2.9,1.5,4.2,M,2.9,M,NA,35,NA,NA,"Copper Tolerance of the Life History Stages of the Splashpool Copepod Tigriopus californicus (Copepoda, Harpacticoida)",PRIMARY_KEEP,Eligible copepod LC50 candidate,63.546,SOURCE_VERIFIED_MICROMOLAR,0.18428340000000001,2.9,1.0647107369924282,HARMONIZED,"O'Brien et al. (1988), Table 1, p. 61: total dissolved Cu LC50 in 10^-6 M. Analysis_Point is used directly as umol Cu/L; LC95 and cupric-ion-activity columns are not used.",CORE,YES,NA,NA,NA,NA,MISSING,35,NA,NA,0/00,EXISTING_MEAN_PRESERVED,NA,NA,NA,NA,MISSING,NA,NA,NA,NA,MISSING,ECOTOX,E_2977,E_T1047100,E_R115193,NA,NA,NA,NA,NA,NA,NA,Nauplii,Nauplii,PRIMARY_STAGE_CONTRAST,1.0647107369924282,Nauplii,3
362,1047102,115195,2977,Cu,Copper,Tigriopus californicus,Harpacticoida,Nauplii,4,Renewal,Total,NA,4.8,3.5,6.1,M,4.8,M,NA,35,NA,NA,"Copper Tolerance of the Life History Stages of the Splashpool Copepod Tigriopus californicus (Copepoda, Harpacticoida)",PRIMARY_KEEP,Eligible copepod LC50 candidate,63.546,SOURCE_VERIFIED_MICROMOLAR,0.3050208,4.8,1.5686159179138452,HARMONIZED,"O'Brien et al. (1988), Table 1, p. 61: total dissolved Cu LC50 in 10^-6 M. Analysis_Point is used directly as umol Cu/L; LC95 and cupric-ion-activity columns are not used.",CORE,YES,NA,NA,NA,NA,MISSING,35,NA,NA,0/00,EXISTING_MEAN_PRESERVED,NA,NA,NA,NA,MISSING,NA,NA,NA,NA,MISSING,ECOTOX,E_2977,E_T1047102,E_R115195,NA,NA,NA,NA,NA,NA,NA,Nauplii,Nauplii,PRIMARY_STAGE_CONTRAST,1.5686159179138452,Nauplii,3
365,1047098,115191,2977,Cu,Copper,Tigriopus californicus,Harpacticoida,Nauplii,4,Renewal,Total,NA,0.3,0.02,2,M,0.3,M,NA,35,NA,NA,"Copper Tolerance of the Life History Stages of the Splashpool Copepod Tigriopus californicus (Copepoda, Harpacticoida)",PRIMARY_KEEP,Eligible copepod LC50 candidate,63.546,SOURCE_VERIFIED_MICROMOLAR,0.0190638,0.3,-1.203972804325936,HARMONIZED,"O'Brien et al. (1988), Table 1, p. 61: total dissolved Cu LC50 in 10^-6 M. Analysis_Point is used directly as umol Cu/L; LC95 and cupric-ion-activity columns are not used.",CORE,YES,NA,NA,NA,NA,MISSING,35,NA,NA,0/00,EXISTING_MEAN_PRESERVED,NA,NA,NA,NA,MISSING,NA,NA,NA,NA,MISSING,ECOTOX,E_2977,E_T1047098,E_R115191,NA,NA,NA,NA,NA,NA,NA,Nauplii,Nauplii,PRIMARY_STAGE_CONTRAST,-1.2039728043259361,Nauplii,3
370,1047108,115201,2977,Cu,Copper,Tigriopus californicus,Harpacticoida,Adult,4,Renewal,Total,NA,12,10,14,M,12,M,NA,35,NA,NA,"Copper Tolerance of the Life History Stages of the Splashpool Copepod Tigriopus californicus (Copepoda, Harpacticoida)",PRIMARY_KEEP,Eligible copepod LC50 candidate,63.546,SOURCE_VERIFIED_MICROMOLAR,0.762552,12,2.4849066497880004,HARMONIZED,"O'Brien et al. (1988), Table 1, p. 61: total dissolved Cu LC50 in 10^-6 M. Analysis_Point is used directly as umol Cu/L; LC95 and cupric-ion-activity columns are not used.",CORE,YES,NA,NA,NA,NA,MISSING,35,NA,NA,0/00,EXISTING_MEAN_PRESERVED,NA,NA,NA,NA,MISSING,NA,NA,NA,NA,MISSING,ECOTOX,E_2977,E_T1047108,E_R115201,NA,NA,NA,NA,NA,NA,NA,Adult,Adult,PRIMARY_STAGE_CONTRAST,2.4849066497880004,Adult,1
410,2154475,2295509,166814,Cu,Copper chloride (CuCl2),Tigriopus fulvus,Harpacticoida,Nauplii,4,Static,Total,NA,50,NA,NA,ug/L,50,ug/L,20,38,NA,NA,"Toxicity Assessment of Copper, Pentachlorophenol and Phenanthrene by Lethal and Sublethal Endpoints on Nauplii of Tigriopus fulvus",PRIMARY_KEEP,Eligible copepod LC50 candidate,63.546,ECOTOX_STANDARDIZED_TARGET_METAL,0.05,0.7868315865672112,-0.23974104766144105,HARMONIZED,ECOTOX standardized concentration used; for metal salts ECOTOX generally expresses concentration as active ionic form.,CORE,YES,20,NA,NA,C,EXISTING_MEAN_PRESERVED,38,NA,NA,0/00,EXISTING_MEAN_PRESERVED,NA,NA,NA,NA,MISSING,NA,NA,NA,NA,MISSING,ECOTOX,E_166814,E_T2154475,E_R2295509,NA,NA,NA,NA,NA,NA,NA,Nauplii,Nauplii,PRIMARY_STAGE_CONTRAST,-0.23974104766144105,Nauplii,3
501,2148070,2282197,169914,Cu,Copper chloride (CuCl2),Tigriopus fulvus,Harpacticoida,Nauplii,4,"Aquatic, unspecified",Total,NA,0.14,NA,NA,mg/L,0.14,mg/L,NA,NA,NA,NA,Preliminary Assessment of Ostreopsis cfr. ovata Acute Toxicity by Using a Battery Bioassay,PRIMARY_KEEP,Eligible copepod LC50 candidate,63.546,ECOTOX_STANDARDIZED_TARGET_METAL,0.14,2.2031284423881914,0.7898783695197172,HARMONIZED,ECOTOX standardized concentration used; for metal salts ECOTOX generally expresses concentration as active ionic form.,CORE,YES,NA,NA,NA,NA,MISSING,NA,NA,NA,NA,MISSING,NA,NA,NA,NA,MISSING,NA,NA,NA,NA,MISSING,ECOTOX,E_169914,E_T2148070,E_R2282197,NA,NA,NA,NA,NA,NA,NA,Nauplii,Nauplii,PRIMARY_STAGE_CONTRAST,0.7898783695197172,Nauplii,3
531,2142112,2267554,166161,Cu,Copper chloride (CuCl2),Amphiascoides atopus,Harpacticoida,Adult,4,"Aquatic, unspecified",Dissolved,NA,334.24,280.6,396.1,ug/L,334.24,ug/L,NA,30,NA,NA,Dietary Carotenoids Regulate Astaxanthin Content of Copepods and Modulate Their Susceptibility to UV Light and Copper Toxicity,PRIMARY_KEEP,Eligible copepod LC50 candidate,63.546,ECOTOX_STANDARDIZED_TARGET_METAL,0.33424,5.259811789884493,1.6600952447186683,HARMONIZED,ECOTOX standardized concentration used; for metal salts ECOTOX generally expresses concentration as active ionic form.,CORE,YES,NA,NA,NA,NA,MISSING,30,NA,NA,0/00,EXISTING_MEAN_PRESERVED,NA,NA,NA,NA,MISSING,NA,NA,NA,NA,MISSING,ECOTOX,E_166161,E_T2142112,E_R2267554,NA,NA,NA,NA,NA,NA,NA,Adult,Adult,PRIMARY_STAGE_CONTRAST,1.6600952447186685,Adult,1
541,1202376,128159,18395,Cu,Copper chloride (CuCl2),Eurytemora affinis,Calanoida,Nauplii,4,Renewal,Dissolved,NA,69.4,60.7,79.45,ug/L,69.4,ug/L,24.55,15.5,8.350000000000001,NA,Acute and Chronic Toxicity of Copper to the Estuarine Copepod Eurytemora affinis: Influence of Organic Complexation and Speciation,PRIMARY_KEEP,Eligible copepod LC50 candidate,63.546,ECOTOX_STANDARDIZED_TARGET_METAL,0.0694,1.0921222421552892,0.08812281442317174,HARMONIZED,ECOTOX standardized concentration used; for metal salts ECOTOX generally expresses concentration as active ionic form.,CORE,YES,NA,24,25.1,C,RAW_RANGE_MIDPOINT_RECOVERED,NA,15,16,0/00,RAW_RANGE_MIDPOINT_RECOVERED,NA,7.9,8.8,NA,RAW_RANGE_MIDPOINT_RECOVERED,NA,NA,NA,NA,MISSING,ECOTOX,E_18395,E_T1202376,E_R128159,NA,NA,NA,NA,NA,NA,NA,Nauplii,Nauplii,PRIMARY_STAGE_CONTRAST,0.08812281442317174,Nauplii,3
552,1312979,770475,107036,Cu,Copper chloride (CuCl2),Eurytemora affinis,Calanoida,Nauplii,4,Static,Dissolved,NA,104,94.2,109,ug/L,104,ug/L,24.9,5,8.375,2.915,"The Influence of Salinity and Dissolved Organic Carbon on the Toxicity of Copper to the Estuarine Copepod, Eurytemora affinis",PRIMARY_KEEP,Eligible copepod LC50 candidate,63.546,ECOTOX_STANDARDIZED_TARGET_METAL,0.104,1.6366097000597992,0.4926268460517855,HARMONIZED,ECOTOX standardized concentration used; for metal salts ECOTOX generally expresses concentration as active ionic form.,CORE,YES,NA,24.5,25.3,C,RAW_RANGE_MIDPOINT_RECOVERED,5,NA,NA,0/00,EXISTING_MEAN_PRESERVED,NA,8.25,8.5,NA,RAW_RANGE_MIDPOINT_RECOVERED,NA,2.77,3.06,mg/L,RAW_RANGE_MIDPOINT_RECOVERED,ECOTOX,E_107036,E_T1312979,E_R770475,NA,NA,NA,NA,NA,NA,NA,Nauplii,Nauplii,PRIMARY_STAGE_CONTRAST,0.4926268460517855,Nauplii,3
567,1300832,756507,115854,Cu,Copper chloride (CuCl2),Tigriopus japonicus,Harpacticoida,Adult,4,"Aquatic, unspecified",Total,NA,813,NA,NA,ug/L,813,ug/L,25,33,8.25,NA,Copper Toxicity in the Marine Copepod Tigropus japonicus:  Low Variability and High Reproducibility of Repeated Acute and Life-Cycle Tests,PRIMARY_KEEP,Eligible copepod LC50 candidate,63.546,ECOTOX_STANDARDIZED_TARGET_METAL,0.813,12.793881597582851,2.548967056458223,HARMONIZED,ECOTOX standardized concentration used; for metal salts ECOTOX generally expresses concentration as active ionic form.,CORE,YES,25,NA,NA,C,EXISTING_MEAN_PRESERVED,33,NA,NA,0/00,EXISTING_MEAN_PRESERVED,NA,8.1,8.4,NA,RAW_RANGE_MIDPOINT_RECOVERED,NA,NA,NA,NA,MISSING,ECOTOX,E_115854,E_T1300832,E_R756507,NA,NA,NA,NA,NA,NA,NA,Adult,Adult,PRIMARY_STAGE_CONTRAST,2.548967056458223,Adult,1
576,1312981,770477,107036,Cu,Copper chloride (CuCl2),Eurytemora affinis,Calanoida,Nauplii,4,Static,Dissolved,NA,58.1,52,64.9,ug/L,58.1,ug/L,25,25,8.4,1.5,"The Influence of Salinity and Dissolved Organic Carbon on the Toxicity of Copper to the Estuarine Copepod, Eurytemora affinis",PRIMARY_KEEP,Eligible copepod LC50 candidate,63.546,ECOTOX_STANDARDIZED_TARGET_METAL,0.0581,0.9142983035910994,-0.08959838923172156,HARMONIZED,ECOTOX standardized concentration used; for metal salts ECOTOX generally expresses concentration as active ionic form.,CORE,YES,25,NA,NA,C,EXISTING_MEAN_PRESERVED,25,NA,NA,0/00,EXISTING_MEAN_PRESERVED,NA,8.06,8.74,NA,RAW_RANGE_MIDPOINT_RECOVERED,NA,1.4,1.6,mg/L,RAW_RANGE_MIDPOINT_RECOVERED,ECOTOX,E_107036,E_T1312981,E_R770477,NA,NA,NA,NA,NA,NA,NA,Nauplii,Nauplii,PRIMARY_STAGE_CONTRAST,-0.08959838923172156,Nauplii,3
590,1312980,770476,107036,Cu,Copper chloride (CuCl2),Eurytemora affinis,Calanoida,Nauplii,4,Static,Dissolved,NA,67.6,55.1,82.9,ug/L,67.6,ug/L,24.85,15,8.440000000000001,2.1,"The Influence of Salinity and Dissolved Organic Carbon on the Toxicity of Copper to the Estuarine Copepod, Eurytemora affinis",PRIMARY_KEEP,Eligible copepod LC50 candidate,63.546,ECOTOX_STANDARDIZED_TARGET_METAL,0.0676,1.0637963050388697,0.06184392995933122,HARMONIZED,ECOTOX standardized concentration used; for metal salts ECOTOX generally expresses concentration as active ionic form.,CORE,YES,NA,24.5,25.2,C,RAW_RANGE_MIDPOINT_RECOVERED,15,NA,NA,0/00,EXISTING_MEAN_PRESERVED,NA,8.25,8.63,NA,RAW_RANGE_MIDPOINT_RECOVERED,NA,2,2.2,mg/L,RAW_RANGE_MIDPOINT_RECOVERED,ECOTOX,E_107036,E_T1312980,E_R770476,NA,NA,NA,NA,NA,NA,NA,Nauplii,Nauplii,PRIMARY_STAGE_CONTRAST,0.061843929959331426,Nauplii,3
1163,1053489,5143,3735,Cu,Copper chloride (CuCl),Pseudodiaptomus coronatus,Calanoida,Adult,4,Static,Total,NA,235.4,188.7,299.2,ppb,235.4,ppb,15,30,NA,NA,"Results of Acute Toxicity Tests Conducted with Copper at ERL, Narragansett",PRIMARY_KEEP,Eligible copepod LC50 candidate,63.546,ECOTOX_STANDARDIZED_TARGET_METAL,0.2354,3.7044031095584304,1.3095221417365892,HARMONIZED,ECOTOX standardized concentration used; for metal salts ECOTOX generally expresses concentration as active ionic form.,CORE,YES,15,NA,NA,C,EXISTING_MEAN_PRESERVED,30,NA,NA,0/00,EXISTING_MEAN_PRESERVED,NA,NA,NA,NA,MISSING,NA,NA,NA,NA,MISSING,ECOTOX,E_3735,E_T1053489,E_R5143,NA,NA,NA,NA,NA,NA,NA,Adult,Adult,PRIMARY_STAGE_CONTRAST,1.3095221417365892,Adult,1
1164,1053490,5144,3735,Cu,Copper chloride (CuCl),Eurytemora affinis,Calanoida,Adult,4,Static,Total,NA,0.928,0.761,1.119,ppm,0.928,ppm,15,30,NA,NA,"Results of Acute Toxicity Tests Conducted with Copper at ERL, Narragansett",PRIMARY_KEEP,Eligible copepod LC50 candidate,63.546,ECOTOX_STANDARDIZED_TARGET_METAL,0.928,14.60359424668744,2.6812676796966133,HARMONIZED,ECOTOX standardized concentration used; for metal salts ECOTOX generally expresses concentration as active ionic form.,CORE,YES,15,NA,NA,C,EXISTING_MEAN_PRESERVED,30,NA,NA,0/00,EXISTING_MEAN_PRESERVED,NA,NA,NA,NA,MISSING,NA,NA,NA,NA,MISSING,ECOTOX,E_3735,E_T1053490,E_R5144,NA,NA,NA,NA,NA,NA,NA,Adult,Adult,PRIMARY_STAGE_CONTRAST,2.6812676796966133,Adult,1
1166,1301502,757396,115854,Cu,Copper chloride (CuCl),Tigriopus japonicus,Harpacticoida,Adult,4,"Aquatic, unspecified",Total,NA,1175,NA,NA,ug/L,1175,ug/L,25,33,8.25,NA,Copper Toxicity in the Marine Copepod Tigropus japonicus:  Low Variability and High Reproducibility of Repeated Acute and Life-Cycle Tests,PRIMARY_KEEP,Eligible copepod LC50 candidate,63.546,ECOTOX_STANDARDIZED_TARGET_METAL,1.175,18.49054228432946,2.917259373488672,HARMONIZED,ECOTOX standardized concentration used; for metal salts ECOTOX generally expresses concentration as active ionic form.,CORE,YES,25,NA,NA,C,EXISTING_MEAN_PRESERVED,33,NA,NA,0/00,EXISTING_MEAN_PRESERVED,NA,8.1,8.4,NA,RAW_RANGE_MIDPOINT_RECOVERED,NA,NA,NA,NA,MISSING,ECOTOX,E_115854,E_T1301502,E_R757396,NA,NA,NA,NA,NA,NA,NA,Adult,Adult,PRIMARY_STAGE_CONTRAST,2.917259373488672,Adult,1
1167,1053487,5141,3735,Cu,Copper chloride (CuCl),Acartia clausi,Calanoida,Adult,4,Static,Total,NA,0.049,0.04,0.06,ppm,0.049,ppm,10,30,NA,NA,"Results of Acute Toxicity Tests Conducted with Copper at ERL, Narragansett",PRIMARY_KEEP,Eligible copepod LC50 candidate,63.546,ECOTOX_STANDARDIZED_TARGET_METAL,0.049,0.771094954835867,-0.2599437549789605,HARMONIZED,ECOTOX standardized concentration used; for metal salts ECOTOX generally expresses concentration as active ionic form.,CORE,YES,10,NA,NA,C,EXISTING_MEAN_PRESERVED,30,NA,NA,0/00,EXISTING_MEAN_PRESERVED,NA,NA,NA,NA,MISSING,NA,NA,NA,NA,MISSING,ECOTOX,E_3735,E_T1053487,E_R5141,NA,NA,NA,NA,NA,NA,NA,Adult,Adult,PRIMARY_STAGE_CONTRAST,-0.2599437549789605,Adult,1
1252,2148404,2283208,156333,Cu,Sulfuric acid copper(2+) salt (1:1),Robertgurneya hopkinsi,Harpacticoida,Adult,4,"Aquatic, unspecified",Dissolved,NA,238,NA,NA,ug/L,238,ug/L,21,30,NA,NA,An Assessment of Three Harpacticoid Copepod Species for Use in Ecotoxicological Testing,PRIMARY_KEEP,Eligible copepod LC50 candidate,63.546,ECOTOX_STANDARDIZED_TARGET_METAL,0.238,3.745318352059925,1.3205066205818874,HARMONIZED,ECOTOX standardized concentration used; for metal salts ECOTOX generally expresses concentration as active ionic form.,CORE,YES,21,NA,NA,C,EXISTING_MEAN_PRESERVED,30,NA,NA,PSU,EXISTING_MEAN_PRESERVED,NA,NA,NA,NA,MISSING,NA,NA,NA,NA,MISSING,ECOTOX,E_156333,E_T2148404,E_R2283208,NA,NA,NA,NA,NA,NA,NA,Adult,Adult,PRIMARY_STAGE_CONTRAST,1.3205066205818874,Adult,1
1263,2136233,2252278,153073,Cu,Sulfuric acid copper(2+) salt (1:1),Paracyclopina nana,Cyclopoida,Adult,4,Renewal,Total,NA,0.8,0.76,0.91,mg/L,0.8,mg/L,25,15,NA,NA,"Molecular Characterization and Expression of Vitellogenin (Vg) Genes from the Cyclopoid Copepod, Paracyclopina nana Exposed to Heavy Metals",PRIMARY_KEEP,Eligible copepod LC50 candidate,63.546,ECOTOX_STANDARDIZED_TARGET_METAL,0.8,12.58930538507538,2.53284767457834,HARMONIZED,ECOTOX standardized concentration used; for metal salts ECOTOX generally expresses concentration as active ionic form.,CORE,YES,25,NA,NA,C,EXISTING_MEAN_PRESERVED,15,NA,NA,0/00,EXISTING_MEAN_PRESERVED,NA,NA,NA,NA,MISSING,NA,NA,NA,NA,MISSING,ECOTOX,E_153073,E_T2136233,E_R2252278,NA,NA,NA,NA,NA,NA,NA,Adult,Adult,PRIMARY_STAGE_CONTRAST,2.53284767457834,Adult,1
1394,2019866,2033704,156339,Cu,Sulfuric acid copper(2+) salt (1:1),Tigriopus japonicus,Harpacticoida,Adult,4,Renewal,Total,NA,580,430,790,ug/L,580,ug/L,25,33,8.25,NA,Acute Toxicities of Five Commonly Used Antifouling Booster Biocides to Selected Subtropical and Cosmopolitan Marine Species,PRIMARY_KEEP,Eligible copepod LC50 candidate,63.546,ECOTOX_STANDARDIZED_TARGET_METAL,0.58,9.12724640417965,2.211264050450878,HARMONIZED,ECOTOX standardized concentration used; for metal salts ECOTOX generally expresses concentration as active ionic form.,CORE,YES,25,NA,NA,C,EXISTING_MEAN_PRESERVED,33,NA,NA,0/00,EXISTING_MEAN_PRESERVED,NA,8.1,8.4,NA,RAW_RANGE_MIDPOINT_RECOVERED,NA,NA,NA,NA,MISSING,ECOTOX,E_156339,E_T2019866,E_R2033704,NA,NA,NA,NA,NA,NA,NA,Adult,Adult,PRIMARY_STAGE_CONTRAST,2.211264050450878,Adult,1
1395,1205935,171326,18833,Cu,Sulfuric acid copper(2+) salt (1:1),Tigriopus brevicornis,Harpacticoida,Adult,4,Renewal,Total,NA,1010,NA,NA,ug/L,1010,ug/L,20,37,NA,NA,"Toxic Effects of Two Trace Metals, Copper and Silver, on a Crustacean Harpacticoid Copepod Tigriopus brevicornis (Muller). Lethal and Sublethal Effects at Different Development Stages (Effets Biologiques de Deux Metaux",PRIMARY_KEEP,Eligible copepod LC50 candidate,63.546,ECOTOX_STANDARDIZED_TARGET_METAL,1.01,15.893998048657666,2.765941556745718,HARMONIZED,ECOTOX standardized concentration used; for metal salts ECOTOX generally expresses concentration as active ionic form.,CORE,YES,20,NA,NA,C,EXISTING_MEAN_PRESERVED,37,NA,NA,0/00,EXISTING_MEAN_PRESERVED,NA,NA,NA,NA,MISSING,NA,NA,NA,NA,MISSING,ECOTOX,E_18833,E_T1205935,E_R171326,NA,NA,NA,NA,NA,NA,NA,Adult,Adult,PRIMARY_STAGE_CONTRAST,2.765941556745718,Adult,1
1396,1300800,756472,115854,Cu,Sulfuric acid copper(2+) salt (1:1),Tigriopus japonicus,Harpacticoida,Adult,4,Renewal,Total,NA,323,NA,NA,ug/L,323,ug/L,23.5,32.5,NA,NA,Copper Toxicity in the Marine Copepod Tigropus japonicus:  Low Variability and High Reproducibility of Repeated Acute and Life-Cycle Tests,PRIMARY_KEEP,Eligible copepod LC50 candidate,63.546,ECOTOX_STANDARDIZED_TARGET_METAL,0.323,5.082932049224184,1.6258882701330697,HARMONIZED,ECOTOX standardized concentration used; for metal salts ECOTOX generally expresses concentration as active ionic form.,CORE,YES,NA,22,25,C,RAW_RANGE_MIDPOINT_RECOVERED,NA,30,35,0/00,RAW_RANGE_MIDPOINT_RECOVERED,NA,NA,NA,NA,MISSING,NA,NA,NA,NA,MISSING,ECOTOX,E_115854,E_T1300800,E_R756472,NA,NA,NA,NA,NA,NA,NA,Adult,Adult,PRIMARY_STAGE_CONTRAST,1.6258882701330695,Adult,1
1408,1300793,756465,115854,Cu,Sulfuric acid copper(2+) salt (1:1),Tigriopus japonicus,Harpacticoida,Adult,4,"Aquatic, unspecified",Total,NA,NA,1000,1100,ug/L,1.045558,mg/L,25,33,8.25,NA,Copper Toxicity in the Marine Copepod Tigropus japonicus:  Low Variability and High Reproducibility of Repeated Acute and Life-Cycle Tests,PRIMARY_RECOVERED,Kwok recovered via Heuschele supplement,63.546,SOURCE_RECOVERED_TARGET_METAL,1.045558,16.453561199760802,2.800541940089249,HARMONIZED,"Source-recovered point estimate retained, then converted on the target-metal scale.",CORE,YES,25,NA,NA,C,EXISTING_MEAN_PRESERVED,33,NA,NA,0/00,EXISTING_MEAN_PRESERVED,NA,8.1,8.4,NA,RAW_RANGE_MIDPOINT_RECOVERED,NA,NA,NA,NA,MISSING,ECOTOX,E_115854,E_T1300793,E_R756465,NA,NA,NA,NA,NA,NA,NA,Adult,Adult,PRIMARY_STAGE_CONTRAST,2.800541940089249,Adult,1
1409,1301479,757358,115854,Cu,Sulfuric acid copper(2+) salt (1:1),Tigriopus japonicus,Harpacticoida,Adult,4,Renewal,Total,NA,NA,400,600,ug/L,0.473573,mg/L,23.5,32.5,NA,NA,Copper Toxicity in the Marine Copepod Tigropus japonicus:  Low Variability and High Reproducibility of Repeated Acute and Life-Cycle Tests,PRIMARY_RECOVERED,Kwok recovered via Heuschele supplement,63.546,SOURCE_RECOVERED_TARGET_METAL,0.473573,7.4524438989078785,2.0085420187199343,HARMONIZED,"Source-recovered point estimate retained, then converted on the target-metal scale.",CORE,YES,NA,22,25,C,RAW_RANGE_MIDPOINT_RECOVERED,NA,30,35,0/00,RAW_RANGE_MIDPOINT_RECOVERED,NA,NA,NA,NA,MISSING,NA,NA,NA,NA,MISSING,ECOTOX,E_115854,E_T1301479,E_R757358,NA,NA,NA,NA,NA,NA,NA,Adult,Adult,PRIMARY_STAGE_CONTRAST,2.0085420187199343,Adult,1
1411,1296798,752112,111315,Cu,Sulfuric acid copper(2+) salt (1:1),Tigriopus japonicus,Harpacticoida,Adult,4,Renewal,Total,NA,3.9,2.6,5.87,mg/L,3.9,mg/L,20,32,7.9,NA,Acute Toxicities of Trace Metals and Common Xenobiotics to the Marine Copepod Tigriopus japonicus:  Evaluation of Its Use as a Benchmark Species for Routine Ecotoxicity Tests in Western Pacific Coastal Regions,PRIMARY_KEEP,Eligible copepod LC50 candidate,63.546,ECOTOX_STANDARDIZED_TARGET_METAL,3.9,61.37286375224247,4.11696777902815,HARMONIZED,ECOTOX standardized concentration used; for metal salts ECOTOX generally expresses concentration as active ionic form.,CORE,YES,20,NA,NA,C,EXISTING_MEAN_PRESERVED,32,NA,NA,0/00,EXISTING_MEAN_PRESERVED,7.9,NA,NA,NA,EXISTING_MEAN_PRESERVED,NA,NA,NA,NA,MISSING,ECOTOX,E_111315,E_T1296798,E_R752112,NA,NA,NA,NA,NA,NA,NA,Adult,Adult,PRIMARY_STAGE_CONTRAST,4.11696777902815,Adult,1
1415,1300801,756473,115854,Cu,Sulfuric acid copper(2+) salt (1:1),Tigriopus japonicus,Harpacticoida,Adult,4,Renewal,Total,~,800,NA,NA,ug/L,0.799154,mg/L,23.5,32.5,NA,NA,Copper Toxicity in the Marine Copepod Tigropus japonicus:  Low Variability and High Reproducibility of Repeated Acute and Life-Cycle Tests,PRIMARY_RECOVERED,Kwok recovered via Heuschele supplement,63.546,SOURCE_RECOVERED_TARGET_METAL,0.799154,12.57599219463066,2.531789615030699,HARMONIZED,"Source-recovered point estimate retained, then converted on the target-metal scale.",CORE,YES,NA,22,25,C,RAW_RANGE_MIDPOINT_RECOVERED,NA,30,35,0/00,RAW_RANGE_MIDPOINT_RECOVERED,NA,NA,NA,NA,MISSING,NA,NA,NA,NA,MISSING,ECOTOX,E_115854,E_T1300801,E_R756473,NA,NA,NA,NA,NA,NA,NA,Adult,Adult,PRIMARY_STAGE_CONTRAST,2.531789615030699,Adult,1
1416,1300806,756479,115854,Cu,Sulfuric acid copper(2+) salt (1:1),Tigriopus japonicus,Harpacticoida,Adult,4,Renewal,Total,NA,NA,200,400,ug/L,0.392178,mg/L,23.5,32.5,NA,NA,Copper Toxicity in the Marine Copepod Tigropus japonicus:  Low Variability and High Reproducibility of Repeated Acute and Life-Cycle Tests,PRIMARY_RECOVERED,Kwok recovered via Heuschele supplement,63.546,SOURCE_RECOVERED_TARGET_METAL,0.392178,6.171560759135116,1.8199517652696624,HARMONIZED,"Source-recovered point estimate retained, then converted on the target-metal scale.",CORE,YES,NA,22,25,C,RAW_RANGE_MIDPOINT_RECOVERED,NA,30,35,0/00,RAW_RANGE_MIDPOINT_RECOVERED,NA,NA,NA,NA,MISSING,NA,NA,NA,NA,MISSING,ECOTOX,E_115854,E_T1300806,E_R756479,NA,NA,NA,NA,NA,NA,NA,Adult,Adult,PRIMARY_STAGE_CONTRAST,1.8199517652696624,Adult,1
1418,1312278,769701,111599,Cu,Sulfuric acid copper(2+) salt (1:1),Tigriopus japonicus,Harpacticoida,Adult,4,Renewal,Total,NA,1024,NA,NA,ug/L,1024,ug/L,25,34.5,8,NA,"Toxicity of Antifouling Biocides to the Intertidal Harpacticoid Copepod Tigriopus japonicus (Crustacea, Copepoda):  Effects of Temperature and Salinity",PRIMARY_KEEP,Eligible copepod LC50 candidate,63.546,ECOTOX_STANDARDIZED_TARGET_METAL,1.024,16.114310892896484,2.7797077525098657,HARMONIZED,ECOTOX standardized concentration used; for metal salts ECOTOX generally expresses concentration as active ionic form.,CORE,YES,25,NA,NA,C,EXISTING_MEAN_PRESERVED,34.5,NA,NA,0/00,EXISTING_MEAN_PRESERVED,NA,7.8,8.2,NA,RAW_RANGE_MIDPOINT_RECOVERED,NA,NA,NA,NA,MISSING,ECOTOX,E_111599,E_T1312278,E_R769701,NA,NA,NA,NA,NA,NA,NA,Adult,Adult,PRIMARY_STAGE_CONTRAST,2.7797077525098657,Adult,1
1421,1205932,171323,18833,Cu,Sulfuric acid copper(2+) salt (1:1),Tigriopus brevicornis,Harpacticoida,Nauplii,4,Renewal,Total,NA,308,NA,NA,ug/L,308,ug/L,20,37,NA,NA,"Toxic Effects of Two Trace Metals, Copper and Silver, on a Crustacean Harpacticoid Copepod Tigriopus brevicornis (Muller). Lethal and Sublethal Effects at Different Development Stages (Effets Biologiques de Deux Metaux",PRIMARY_KEEP,Eligible copepod LC50 candidate,63.546,ECOTOX_STANDARDIZED_TARGET_METAL,0.308,4.846882573254021,1.5783357298839873,HARMONIZED,ECOTOX standardized concentration used; for metal salts ECOTOX generally expresses concentration as active ionic form.,CORE,YES,20,NA,NA,C,EXISTING_MEAN_PRESERVED,37,NA,NA,0/00,EXISTING_MEAN_PRESERVED,NA,NA,NA,NA,MISSING,NA,NA,NA,NA,MISSING,ECOTOX,E_18833,E_T1205932,E_R171323,NA,NA,NA,NA,NA,NA,NA,Nauplii,Nauplii,PRIMARY_STAGE_CONTRAST,1.5783357298839873,Nauplii,3
1430,2148405,2283209,156333,Cu,Sulfuric acid copper(2+) salt (1:1),Nitocra spinipes,Harpacticoida,Adult,4,"Aquatic, unspecified",Dissolved,NA,350,NA,NA,ug/L,350,ug/L,21,30,NA,NA,An Assessment of Three Harpacticoid Copepod Species for Use in Ecotoxicological Testing,PRIMARY_KEEP,Eligible copepod LC50 candidate,63.546,ECOTOX_STANDARDIZED_TARGET_METAL,0.35,5.5078211059704785,1.7061691013938722,HARMONIZED,ECOTOX standardized concentration used; for metal salts ECOTOX generally expresses concentration as active ionic form.,CORE,YES,21,NA,NA,C,EXISTING_MEAN_PRESERVED,30,NA,NA,PSU,EXISTING_MEAN_PRESERVED,NA,NA,NA,NA,MISSING,NA,NA,NA,NA,MISSING,ECOTOX,E_156333,E_T2148405,E_R2283209,NA,NA,NA,NA,NA,NA,NA,Adult,Adult,PRIMARY_STAGE_CONTRAST,1.7061691013938722,Adult,1
1433,1205934,171325,18833,Cu,Sulfuric acid copper(2+) salt (1:1),Tigriopus brevicornis,Harpacticoida,Adult,4,Renewal,Total,NA,790,NA,NA,ug/L,790,ug/L,20,37,NA,NA,"Toxic Effects of Two Trace Metals, Copper and Silver, on a Crustacean Harpacticoid Copepod Tigriopus brevicornis (Muller). Lethal and Sublethal Effects at Different Development Stages (Effets Biologiques de Deux Metaux",PRIMARY_KEEP,Eligible copepod LC50 candidate,63.546,ECOTOX_STANDARDIZED_TARGET_METAL,0.79,12.431939067761936,2.52026889237148,HARMONIZED,ECOTOX standardized concentration used; for metal salts ECOTOX generally expresses concentration as active ionic form.,CORE,YES,20,NA,NA,C,EXISTING_MEAN_PRESERVED,37,NA,NA,0/00,EXISTING_MEAN_PRESERVED,NA,NA,NA,NA,MISSING,NA,NA,NA,NA,MISSING,ECOTOX,E_18833,E_T1205934,E_R171325,NA,NA,NA,NA,NA,NA,NA,Adult,Adult,PRIMARY_STAGE_CONTRAST,2.52026889237148,Adult,1
1439,1300799,756471,115854,Cu,Sulfuric acid copper(2+) salt (1:1),Tigriopus japonicus,Harpacticoida,Adult,4,Renewal,Total,NA,NA,400,600,ug/L,0.430655,mg/L,23.5,32.5,NA,NA,Copper Toxicity in the Marine Copepod Tigropus japonicus:  Low Variability and High Reproducibility of Repeated Acute and Life-Cycle Tests,PRIMARY_RECOVERED,Kwok recovered via Heuschele supplement,63.546,SOURCE_RECOVERED_TARGET_METAL,0.430655,6.777059138262047,1.913543252434634,HARMONIZED,"Source-recovered point estimate retained, then converted on the target-metal scale.",CORE,YES,NA,22,25,C,RAW_RANGE_MIDPOINT_RECOVERED,NA,30,35,0/00,RAW_RANGE_MIDPOINT_RECOVERED,NA,NA,NA,NA,MISSING,NA,NA,NA,NA,MISSING,ECOTOX,E_115854,E_T1300799,E_R756471,NA,NA,NA,NA,NA,NA,NA,Adult,Adult,PRIMARY_STAGE_CONTRAST,1.9135432524346339,Adult,1
1442,1300788,756460,115854,Cu,Sulfuric acid copper(2+) salt (1:1),Tigriopus japonicus,Harpacticoida,Adult,4,Renewal,Total,NA,585,NA,NA,ug/L,585,ug/L,23.5,32.5,NA,NA,Copper Toxicity in the Marine Copepod Tigropus japonicus:  Low Variability and High Reproducibility of Repeated Acute and Life-Cycle Tests,PRIMARY_KEEP,Eligible copepod LC50 candidate,63.546,ECOTOX_STANDARDIZED_TARGET_METAL,0.585,9.20592956283637,2.2198477941422694,HARMONIZED,ECOTOX standardized concentration used; for metal salts ECOTOX generally expresses concentration as active ionic form.,CORE,YES,NA,22,25,C,RAW_RANGE_MIDPOINT_RECOVERED,NA,30,35,0/00,RAW_RANGE_MIDPOINT_RECOVERED,NA,NA,NA,NA,MISSING,NA,NA,NA,NA,MISSING,ECOTOX,E_115854,E_T1300788,E_R756460,NA,NA,NA,NA,NA,NA,NA,Adult,Adult,PRIMARY_STAGE_CONTRAST,2.2198477941422694,Adult,1
1446,2145987,2276128,169694,Cu,Sulfuric acid copper(2+) salt (1:1),Tigriopus japonicus,Harpacticoida,Adult,4,Static,Dissolved,NA,32.75,31.85,33.68,mg/L,32.75,mg/L,20,35,8.65,NA,Effect of Salinity on Acute Copper and Zinc Toxicity to Tigriopus japonicus: The Difference Between Metal Ions and Nanoparticles,PRIMARY_KEEP,Eligible copepod LC50 candidate,63.546,ECOTOX_STANDARDIZED_TARGET_METAL,32.75,515.3746892015233,6.244894187973811,HARMONIZED,ECOTOX standardized concentration used; for metal salts ECOTOX generally expresses concentration as active ionic form.,CORE,YES,20,NA,NA,C,EXISTING_MEAN_PRESERVED,35,NA,NA,0/00,EXISTING_MEAN_PRESERVED,8.65,NA,NA,NA,EXISTING_MEAN_PRESERVED,NA,NA,NA,NA,MISSING,ECOTOX,E_169694,E_T2145987,E_R2276128,NA,NA,NA,NA,NA,NA,NA,Adult,Adult,PRIMARY_STAGE_CONTRAST,6.244894187973811,Adult,1
1447,2140455,2262926,166160,Cu,Sulfuric acid copper(2+) salt (1:1),Tigriopus japonicus,Harpacticoida,Adult,4,Renewal,Total,NA,330,280,390,ug/L,330,ug/L,25,33,8.25,NA,Acute and Chronic Toxicities of Irgarol Alone and in Combination with Copper to the Marine Copepod Tigriopus japonicus,PRIMARY_KEEP,Eligible copepod LC50 candidate,63.546,ECOTOX_STANDARDIZED_TARGET_METAL,0.33,5.193088471343594,1.6473286013709387,HARMONIZED,ECOTOX standardized concentration used; for metal salts ECOTOX generally expresses concentration as active ionic form.,CORE,YES,25,NA,NA,C,EXISTING_MEAN_PRESERVED,33,NA,NA,0/00,EXISTING_MEAN_PRESERVED,NA,8.1,8.4,NA,RAW_RANGE_MIDPOINT_RECOVERED,NA,NA,NA,NA,MISSING,ECOTOX,E_166160,E_T2140455,E_R2262926,NA,NA,NA,NA,NA,NA,NA,Adult,Adult,PRIMARY_STAGE_CONTRAST,1.6473286013709387,Adult,1
1919,2136234,2252281,153073,Cd,Cadmium chloride (CdCl2),Paracyclopina nana,Cyclopoida,Adult,4,Renewal,Total,NA,0.3,0.26,0.36,mg/L,0.3,mg/L,25,15,NA,NA,"Molecular Characterization and Expression of Vitellogenin (Vg) Genes from the Cyclopoid Copepod, Paracyclopina nana Exposed to Heavy Metals",PRIMARY_KEEP,Eligible copepod LC50 candidate,112.414,ECOTOX_STANDARDIZED_TARGET_METAL,0.3,2.6687067447115127,0.981593989792818,HARMONIZED,ECOTOX standardized concentration used; for metal salts ECOTOX generally expresses concentration as active ionic form.,CORE,YES,25,NA,NA,C,EXISTING_MEAN_PRESERVED,15,NA,NA,0/00,EXISTING_MEAN_PRESERVED,NA,NA,NA,NA,MISSING,NA,NA,NA,NA,MISSING,ECOTOX,E_153073,E_T2136234,E_R2252281,NA,NA,NA,NA,NA,NA,NA,Adult,Adult,PRIMARY_STAGE_CONTRAST,0.9815939897928179,Adult,6
1944,2307791,2748533,192310,Cd,Cadmium chloride (CdCl2),Oithona similis,Cyclopoida,Adult,4,Renewal,Dissolved,NA,0.019,NA,NA,mg/L,0.019,mg/L,26,29.5,7.8,NA,"Prescribing Sea Water Quality Criteria for Arsenic, Cadmium and Lead Through Species Sensitivity Distribution",PRIMARY_KEEP,Eligible copepod LC50 candidate,112.414,ECOTOX_STANDARDIZED_TARGET_METAL,0.019,0.16901809383172914,-1.7777495056969428,HARMONIZED,ECOTOX standardized concentration used; for metal salts ECOTOX generally expresses concentration as active ionic form.,CORE,YES,26,NA,NA,C,EXISTING_MEAN_PRESERVED,29.5,NA,NA,PSU,EXISTING_MEAN_PRESERVED,7.8,NA,NA,NA,EXISTING_MEAN_PRESERVED,NA,NA,NA,NA,MISSING,ECOTOX,E_192310,E_T2307791,E_R2748533,NA,NA,NA,NA,NA,NA,NA,Adult,Adult,PRIMARY_STAGE_CONTRAST,-1.7777495056969428,Adult,6
2000,2307795,2748541,192310,Cd,Cadmium chloride (CdCl2),Acartia danae,Calanoida,Adult,4,Renewal,Dissolved,NA,0.032,NA,NA,mg/L,0.032,mg/L,26,29.5,7.8,NA,"Prescribing Sea Water Quality Criteria for Arsenic, Cadmium and Lead Through Species Sensitivity Distribution",PRIMARY_KEEP,Eligible copepod LC50 candidate,112.414,ECOTOX_STANDARDIZED_TARGET_METAL,0.032,0.284662052769228,-1.2564525820636567,HARMONIZED,ECOTOX standardized concentration used; for metal salts ECOTOX generally expresses concentration as active ionic form.,CORE,YES,26,NA,NA,C,EXISTING_MEAN_PRESERVED,29.5,NA,NA,PSU,EXISTING_MEAN_PRESERVED,7.8,NA,NA,NA,EXISTING_MEAN_PRESERVED,NA,NA,NA,NA,MISSING,ECOTOX,E_192310,E_T2307795,E_R2748541,NA,NA,NA,NA,NA,NA,NA,Adult,Adult,PRIMARY_STAGE_CONTRAST,-1.2564525820636567,Adult,6
2128,1129768,85199,10443,Cd,Cadmium chloride (CdCl2),Eurytemora affinis,Calanoida,Nauplii,4,Static,Total,NA,60,1,200,ug/L,60,ug/L,22,10,NA,NA,Comparison of Estuarine Species Sensitivities to Three Toxicants,PRIMARY_KEEP,Eligible copepod LC50 candidate,112.414,ECOTOX_STANDARDIZED_TARGET_METAL,0.06,0.5337413489423025,-0.6278439226412825,HARMONIZED,ECOTOX standardized concentration used; for metal salts ECOTOX generally expresses concentration as active ionic form.,CORE,YES,22,NA,NA,C,EXISTING_MEAN_PRESERVED,10,NA,NA,0/00,EXISTING_MEAN_PRESERVED,NA,NA,NA,NA,MISSING,NA,NA,NA,NA,MISSING,ECOTOX,E_10443,E_T1129768,E_R85199,NA,NA,NA,NA,NA,NA,NA,Nauplii,Nauplii,PRIMARY_STAGE_CONTRAST,-0.6278439226412825,Nauplii,8
2132,1116278,107520,9029,Cd,Cadmium chloride (CdCl2),Acartia tonsa,Calanoida,Adult,4,Static,Total,NA,151,120,191,ug/L,151,ug/L,13,20,NA,NA,"Acute and Sublethal Effects of Cadmium on Ingestion, Egg Production and Life-Cycle Development in the Copepod Acartia tonsa",PRIMARY_KEEP,Eligible copepod LC50 candidate,112.414,ECOTOX_STANDARDIZED_TARGET_METAL,0.151,1.3432490615047947,0.2950913519515411,HARMONIZED,ECOTOX standardized concentration used; for metal salts ECOTOX generally expresses concentration as active ionic form.,CORE,YES,13,NA,NA,C,EXISTING_MEAN_PRESERVED,20,NA,NA,0/00,EXISTING_MEAN_PRESERVED,NA,NA,NA,NA,MISSING,NA,NA,NA,NA,MISSING,ECOTOX,E_9029,E_T1116278,E_R107520,NA,NA,NA,NA,NA,NA,NA,Adult,Adult,PRIMARY_STAGE_CONTRAST,0.2950913519515411,Adult,6
2137,1129769,85200,10443,Cd,Cadmium chloride (CdCl2),Acartia tonsa,Calanoida,Nauplii,4,Static,Total,NA,380,6,1520,ug/L,380,ug/L,22,10,NA,NA,Comparison of Estuarine Species Sensitivities to Three Toxicants,PRIMARY_KEEP,Eligible copepod LC50 candidate,112.414,ECOTOX_STANDARDIZED_TARGET_METAL,0.38,3.380361876634583,1.2179827678570485,HARMONIZED,ECOTOX standardized concentration used; for metal salts ECOTOX generally expresses concentration as active ionic form.,CORE,YES,22,NA,NA,C,EXISTING_MEAN_PRESERVED,10,NA,NA,0/00,EXISTING_MEAN_PRESERVED,NA,NA,NA,NA,MISSING,NA,NA,NA,NA,MISSING,ECOTOX,E_10443,E_T1129769,E_R85200,NA,NA,NA,NA,NA,NA,NA,Nauplii,Nauplii,PRIMARY_STAGE_CONTRAST,1.2179827678570483,Nauplii,8
2144,1159839,142848,14137,Cd,Cadmium chloride (CdCl2),Tisbe battagliai,Harpacticoida,Adult,4,Renewal,Total,NA,340,NA,NA,ug/L,340,ug/L,20.5,34.754999999999995,7.92,NA,"Toxicity of Cadmium, Hexavalent Chromium and Copper to Marine Fish Larvae (Cypinodon variegatus) and Copepods (Tisbe battagliai)",PRIMARY_KEEP,Eligible copepod LC50 candidate,112.414,ECOTOX_STANDARDIZED_TARGET_METAL,0.34,3.024534310673048,1.106757132746824,HARMONIZED,ECOTOX standardized concentration used; for metal salts ECOTOX generally expresses concentration as active ionic form.,CORE,YES,NA,20,21,C,RAW_RANGE_MIDPOINT_RECOVERED,NA,34.5,35.01,0/00,RAW_RANGE_MIDPOINT_RECOVERED,NA,7.7,8.14,NA,RAW_RANGE_MIDPOINT_RECOVERED,NA,NA,NA,NA,MISSING,ECOTOX,E_14137,E_T1159839,E_R142848,NA,NA,NA,NA,NA,NA,NA,Adult,Adult,PRIMARY_STAGE_CONTRAST,1.106757132746824,Adult,6
2154,1159838,142847,14137,Cd,Cadmium chloride (CdCl2),Tisbe battagliai,Harpacticoida,Nauplii,4,Renewal,Total,NA,460,NA,NA,ug/L,460,ug/L,20.5,34.754999999999995,7.92,NA,"Toxicity of Cadmium, Hexavalent Chromium and Copper to Marine Fish Larvae (Cypinodon variegatus) and Copepods (Tisbe battagliai)",PRIMARY_KEEP,Eligible copepod LC50 candidate,112.414,ECOTOX_STANDARDIZED_TARGET_METAL,0.46,4.092017008557653,1.4090380046197577,HARMONIZED,ECOTOX standardized concentration used; for metal salts ECOTOX generally expresses concentration as active ionic form.,CORE,YES,NA,20,21,C,RAW_RANGE_MIDPOINT_RECOVERED,NA,34.5,35.01,0/00,RAW_RANGE_MIDPOINT_RECOVERED,NA,7.7,8.14,NA,RAW_RANGE_MIDPOINT_RECOVERED,NA,NA,NA,NA,MISSING,ECOTOX,E_14137,E_T1159838,E_R142847,NA,NA,NA,NA,NA,NA,NA,Nauplii,Nauplii,PRIMARY_STAGE_CONTRAST,1.4090380046197575,Nauplii,8
2158,1210145,186385,19281,Cd,Cadmium chloride (CdCl2),Tigriopus brevicornis,Harpacticoida,Nauplii,4,Static,Total,NA,17.4,15.4,19.4,ug/L,17.4,ug/L,20,34.75,7.92,NA,"Mortality and LC50 Values for Several Stages of the Marine Copepod Tigriopus brevicornis (Muller) Exposed to the Metals Arsenic and Cadmium and the Pesticides Atrazine, Carbofuran, Dichlorvos, and Malathion",PRIMARY_KEEP,Eligible copepod LC50 candidate,112.414,ECOTOX_STANDARDIZED_TARGET_METAL,0.0174,0.15478499119326772,-1.8657182786429,HARMONIZED,ECOTOX standardized concentration used; for metal salts ECOTOX generally expresses concentration as active ionic form.,CORE,YES,20,NA,NA,C,EXISTING_MEAN_PRESERVED,NA,34.5,35,0/00,RAW_RANGE_MIDPOINT_RECOVERED,NA,7.7,8.14,NA,RAW_RANGE_MIDPOINT_RECOVERED,NA,NA,NA,NA,MISSING,ECOTOX,E_19281,E_T1210145,E_R186385,NA,NA,NA,NA,NA,NA,NA,Nauplii,Nauplii,PRIMARY_STAGE_CONTRAST,-1.8657182786428999,Nauplii,8
2160,1116277,107519,9029,Cd,Cadmium chloride (CdCl2),Acartia tonsa,Calanoida,Adult,4,Static,Total,NA,29,23,37,ug/L,29,ug/L,21,20,NA,NA,"Acute and Sublethal Effects of Cadmium on Ingestion, Egg Production and Life-Cycle Development in the Copepod Acartia tonsa",PRIMARY_KEEP,Eligible copepod LC50 candidate,112.414,ECOTOX_STANDARDIZED_TARGET_METAL,0.029,0.2579749853221129,-1.3548926548769091,HARMONIZED,ECOTOX standardized concentration used; for metal salts ECOTOX generally expresses concentration as active ionic form.,CORE,YES,21,NA,NA,C,EXISTING_MEAN_PRESERVED,20,NA,NA,0/00,EXISTING_MEAN_PRESERVED,NA,NA,NA,NA,MISSING,NA,NA,NA,NA,MISSING,ECOTOX,E_9029,E_T1116277,E_R107519,NA,NA,NA,NA,NA,NA,NA,Adult,Adult,PRIMARY_STAGE_CONTRAST,-1.3548926548769091,Adult,6
2177,1165809,189250,14601,Cd,Cadmium chloride (CdCl2),Eurytemora affinis,Calanoida,Adult,4,Static,Total,NA,1077,903,1289,ug/L,1077,ug/L,15,30,NA,NA,"Results of Acute Toxicity Tests Conducted with Cadmium at ERL, Narragansett",PRIMARY_KEEP,Eligible copepod LC50 candidate,112.414,ECOTOX_STANDARDIZED_TARGET_METAL,1.077,9.58065721351433,2.2597461922930053,HARMONIZED,ECOTOX standardized concentration used; for metal salts ECOTOX generally expresses concentration as active ionic form.,CORE,YES,15,NA,NA,C,EXISTING_MEAN_PRESERVED,30,NA,NA,0/00,EXISTING_MEAN_PRESERVED,NA,NA,NA,NA,MISSING,NA,NA,NA,NA,MISSING,ECOTOX,E_14601,E_T1165809,E_R189250,NA,NA,NA,NA,NA,NA,NA,Adult,Adult,PRIMARY_STAGE_CONTRAST,2.2597461922930053,Adult,6
2214,1165808,189249,14601,Cd,Cadmium chloride (CdCl2),Eurytemora affinis,Calanoida,Adult,4,Static,Total,NA,1651,1337,2025,ug/L,1651,ug/L,15,30,NA,NA,"Results of Acute Toxicity Tests Conducted with Cadmium at ERL, Narragansett",PRIMARY_KEEP,Eligible copepod LC50 candidate,112.414,ECOTOX_STANDARDIZED_TARGET_METAL,1.651,14.68678278506236,2.686947959056745,HARMONIZED,ECOTOX standardized concentration used; for metal salts ECOTOX generally expresses concentration as active ionic form.,CORE,YES,15,NA,NA,C,EXISTING_MEAN_PRESERVED,30,NA,NA,0/00,EXISTING_MEAN_PRESERVED,NA,NA,NA,NA,MISSING,NA,NA,NA,NA,MISSING,ECOTOX,E_14601,E_T1165808,E_R189249,NA,NA,NA,NA,NA,NA,NA,Adult,Adult,PRIMARY_STAGE_CONTRAST,2.686947959056745,Adult,6
2221,1035623,54864,2183,Cd,Cadmium chloride (CdCl2),Nitocra spinipes,Harpacticoida,Adult,4,Static,Total,NA,1800,1200,2800,ug/L,1800,ug/L,20,7,8,NA,Use of a Harpacticoid Copepod in Toxicity Tests,PRIMARY_KEEP,Eligible copepod LC50 candidate,112.414,ECOTOX_STANDARDIZED_TARGET_METAL,1.8,16.012240468269077,2.773353459020873,HARMONIZED,ECOTOX standardized concentration used; for metal salts ECOTOX generally expresses concentration as active ionic form.,CORE,YES,20,NA,NA,C,EXISTING_MEAN_PRESERVED,7,NA,NA,0/00,EXISTING_MEAN_PRESERVED,8,NA,NA,NA,EXISTING_MEAN_PRESERVED,NA,NA,NA,NA,MISSING,ECOTOX,E_2183,E_T1035623,E_R54864,NA,NA,NA,NA,NA,NA,NA,Adult,Adult,PRIMARY_STAGE_CONTRAST,2.773353459020873,Adult,6
2224,1165806,189247,14601,Cd,Cadmium chloride (CdCl2),Acartia clausi,Calanoida,Adult,4,Static,Total,NA,200,154,260,ug/L,200,ug/L,10,30,NA,NA,"Results of Acute Toxicity Tests Conducted with Cadmium at ERL, Narragansett",PRIMARY_KEEP,Eligible copepod LC50 candidate,112.414,ECOTOX_STANDARDIZED_TARGET_METAL,0.2,1.7791378298076752,0.5761288816846535,HARMONIZED,ECOTOX standardized concentration used; for metal salts ECOTOX generally expresses concentration as active ionic form.,CORE,YES,10,NA,NA,C,EXISTING_MEAN_PRESERVED,30,NA,NA,0/00,EXISTING_MEAN_PRESERVED,NA,NA,NA,NA,MISSING,NA,NA,NA,NA,MISSING,ECOTOX,E_14601,E_T1165806,E_R189247,NA,NA,NA,NA,NA,NA,NA,Adult,Adult,PRIMARY_STAGE_CONTRAST,0.5761288816846535,Adult,6
2234,1116276,107518,9029,Cd,Cadmium chloride (CdCl2),Acartia tonsa,Calanoida,Adult,4,Static,Total,NA,93,82,106,ug/L,93,ug/L,18,15,NA,NA,"Acute and Sublethal Effects of Cadmium on Ingestion, Egg Production and Life-Cycle Development in the Copepod Acartia tonsa",PRIMARY_KEEP,Eligible copepod LC50 candidate,112.414,ECOTOX_STANDARDIZED_TARGET_METAL,0.093,0.827299090860569,-0.1895889917101272,HARMONIZED,ECOTOX standardized concentration used; for metal salts ECOTOX generally expresses concentration as active ionic form.,CORE,YES,18,NA,NA,C,EXISTING_MEAN_PRESERVED,15,NA,NA,0/00,EXISTING_MEAN_PRESERVED,NA,NA,NA,NA,MISSING,NA,NA,NA,NA,MISSING,ECOTOX,E_9029,E_T1116276,E_R107518,NA,NA,NA,NA,NA,NA,NA,Adult,Adult,PRIMARY_STAGE_CONTRAST,-0.18958899171012722,Adult,6
2257,1295986,751250,111315,Cd,Cadmium chloride (CdCl2),Tigriopus japonicus,Harpacticoida,Adult,4,Renewal,Total,NA,25.2,17.81,35.55,mg/L,25.2,mg/L,20,32,7.9,NA,Acute Toxicities of Trace Metals and Common Xenobiotics to the Marine Copepod Tigriopus japonicus:  Evaluation of Its Use as a Benchmark Species for Routine Ecotoxicity Tests in Western Pacific Coastal Regions,PRIMARY_KEEP,Eligible copepod LC50 candidate,112.414,ECOTOX_STANDARDIZED_TARGET_METAL,25.2,224.1713665557671,5.412410788636132,HARMONIZED,ECOTOX standardized concentration used; for metal salts ECOTOX generally expresses concentration as active ionic form.,CORE,YES,20,NA,NA,C,EXISTING_MEAN_PRESERVED,32,NA,NA,0/00,EXISTING_MEAN_PRESERVED,7.9,NA,NA,NA,EXISTING_MEAN_PRESERVED,NA,NA,NA,NA,MISSING,ECOTOX,E_111315,E_T1295986,E_R751250,NA,NA,NA,NA,NA,NA,NA,Adult,Adult,PRIMARY_STAGE_CONTRAST,5.412410788636132,Adult,6
NA,NA,NA,NA,Cd,Cd salt not reported,Pseudodiaptomus annandalei,Calanoida,Adult,4,Waterborne,Nominal,=,120.59,NA,NA,ug/L,120.59,ug/L,26,15,NA,NA,NA,WOS_SOURCE_VERIFIED_KEEP,Supplementary WoS record; source verified and retained for quantitative augmentation,112.414,WOS_SOURCE_VERIFIED_ELEMENTAL_METAL_MASS,0.12059,1.0727311544825378,0.07020787725211802,HARMONIZED,Reported metal-mass LC50 converted to umol/L using target-metal atomic weight,PENDING_COMBINED_SUPPORT_AUDIT,PENDING_COMBINED_SUPPORT_AUDIT,26,NA,NA,C,SOURCE_REPORTED_WOS,15,NA,NA,PSU/ppt as reported,SOURCE_REPORTED_WOS,NA,NA,NA,NA,NOT_EXTRACTED_WOS,NA,NA,NA,NA,NOT_EXTRACTED_WOS,WoS_supplemental,W_002,W_002_T01,W_002_T01_R02,A03,10.1007/s10646-017-1848-6,Kadiene et al. (2017),Adult male,Nominal,Table 1,NA,Adult male,Adult,PRIMARY_STAGE_CONTRAST,0.07020787725211802,Adult,6
NA,NA,NA,NA,Cd,Cd salt not reported,Pseudodiaptomus annandalei,Calanoida,Adult,4,Waterborne,Nominal,=,239.46,NA,NA,ug/L,239.46,ug/L,26,15,NA,NA,NA,WOS_SOURCE_VERIFIED_KEEP,Supplementary WoS record; source verified and retained for quantitative augmentation,112.414,WOS_SOURCE_VERIFIED_ELEMENTAL_METAL_MASS,0.23946,2.1301617236287296,0.7561979034253145,HARMONIZED,Reported metal-mass LC50 converted to umol/L using target-metal atomic weight,PENDING_COMBINED_SUPPORT_AUDIT,PENDING_COMBINED_SUPPORT_AUDIT,26,NA,NA,C,SOURCE_REPORTED_WOS,15,NA,NA,PSU/ppt as reported,SOURCE_REPORTED_WOS,NA,NA,NA,NA,NOT_EXTRACTED_WOS,NA,NA,NA,NA,NOT_EXTRACTED_WOS,WoS_supplemental,W_002,W_002_T02,W_002_T02_R02,A03,10.1007/s10646-017-1848-6,Kadiene et al. (2017),Adult female,Nominal,Table 1,NA,Adult female,Adult,PRIMARY_STAGE_CONTRAST,0.7561979034253145,Adult,6
NA,NA,NA,NA,Cd,Cd salt not reported,Eurytemora affinis,Calanoida,Adult,4,Waterborne,Nominal,=,90.04,NA,NA,ug/L,90.04,ug/L,18,15,NA,NA,NA,WOS_SOURCE_VERIFIED_KEEP,Supplementary WoS record; source verified and retained for quantitative augmentation,112.414,WOS_SOURCE_VERIFIED_ELEMENTAL_METAL_MASS,0.09004000000000001,0.8009678509794155,-0.22193446882485152,HARMONIZED,Reported metal-mass LC50 converted to umol/L using target-metal atomic weight,PENDING_COMBINED_SUPPORT_AUDIT,PENDING_COMBINED_SUPPORT_AUDIT,18,NA,NA,C,SOURCE_REPORTED_WOS,15,NA,NA,PSU/ppt as reported,SOURCE_REPORTED_WOS,NA,NA,NA,NA,NOT_EXTRACTED_WOS,NA,NA,NA,NA,NOT_EXTRACTED_WOS,WoS_supplemental,W_002,W_002_T03,W_002_T03_R03,A03,10.1007/s10646-017-1848-6,Kadiene et al. (2017),Adult female,Nominal,Table 1,NA,Adult female,Adult,PRIMARY_STAGE_CONTRAST,-0.22193446882485152,Adult,6
NA,NA,NA,NA,Cd,Cd salt not reported,Eurytemora affinis,Calanoida,Adult,4,Waterborne,Nominal,=,127.75,NA,NA,ug/L,127.75,ug/L,18,15,NA,NA,NA,WOS_SOURCE_VERIFIED_KEEP,Supplementary WoS record; source verified and retained for quantitative augmentation,112.414,WOS_SOURCE_VERIFIED_ELEMENTAL_METAL_MASS,0.12775,1.1364242887896523,0.12788674422043064,HARMONIZED,Reported metal-mass LC50 converted to umol/L using target-metal atomic weight,PENDING_COMBINED_SUPPORT_AUDIT,PENDING_COMBINED_SUPPORT_AUDIT,18,NA,NA,C,SOURCE_REPORTED_WOS,15,NA,NA,PSU/ppt as reported,SOURCE_REPORTED_WOS,NA,NA,NA,NA,NOT_EXTRACTED_WOS,NA,NA,NA,NA,NOT_EXTRACTED_WOS,WoS_supplemental,W_002,W_002_T04,W_002_T04_R02,A03,10.1007/s10646-017-1848-6,Kadiene et al. (2017),Adult male,Nominal,Table 1,NA,Adult male,Adult,PRIMARY_STAGE_CONTRAST,0.12788674422043045,Adult,6
NA,NA,NA,NA,Cd,Cd salt not reported,Pseudodiaptomus annandalei,Calanoida,Nauplii,4,Waterborne,Nominal,=,40.3,NA,NA,ug/L,40.3,ug/L,26,15,NA,NA,NA,WOS_SOURCE_VERIFIED_KEEP,Supplementary WoS record; source verified and retained for quantitative augmentation,112.414,WOS_SOURCE_VERIFIED_ELEMENTAL_METAL_MASS,0.04029999999999999,0.3584962727062465,-1.025837015910746,HARMONIZED,Reported metal-mass LC50 converted to umol/L using target-metal atomic weight,PENDING_COMBINED_SUPPORT_AUDIT,PENDING_COMBINED_SUPPORT_AUDIT,26,NA,NA,C,SOURCE_REPORTED_WOS,15,NA,NA,PSU/ppt as reported,SOURCE_REPORTED_WOS,NA,NA,NA,NA,NOT_EXTRACTED_WOS,NA,NA,NA,NA,NOT_EXTRACTED_WOS,WoS_supplemental,W_009,W_009_T01,W_009_T01_R01,A11,10.1016/j.chemosphere.2019.05.220,Kadiene et al. (2019),Nauplii,Nominal,Results,NA,Nauplii,Nauplii,PRIMARY_STAGE_CONTRAST,-1.025837015910746,Nauplii,8
NA,NA,NA,NA,Cu,CuCl2,Gladioferens pectinatus,Calanoida,Adult,4,Waterborne,Measured,=,216,NA,NA,ug/L,216,ug/L,20,30,NA,NA,NA,WOS_SOURCE_VERIFIED_KEEP,Supplementary WoS record; source verified and retained for quantitative augmentation,63.546,WOS_SOURCE_VERIFIED_ELEMENTAL_METAL_MASS,0.216,3.399112453970352,1.223514354594578,HARMONIZED,Reported metal-mass LC50 converted to umol/L using target-metal atomic weight,PENDING_COMBINED_SUPPORT_AUDIT,PENDING_COMBINED_SUPPORT_AUDIT,20,NA,NA,C,SOURCE_REPORTED_WOS,30,NA,NA,PSU/ppt as reported,SOURCE_REPORTED_WOS,NA,NA,NA,NA,NOT_EXTRACTED_WOS,NA,NA,NA,NA,NOT_EXTRACTED_WOS,WoS_supplemental,W_011,W_011_T02,W_011_T02_R01,A13,10.1016/j.ecoenv.2019.03.022,Charry et al. (2019),Adults; male + female,Measured,Results/Table 1,NA,Adults; male + female,Adult,PRIMARY_STAGE_CONTRAST,1.223514354594578,Adult,1
NA,NA,NA,NA,Cd,CdCl2,Tigriopus japonicus,Harpacticoida,Adult,4,Waterborne,Nominal,=,5.9,NA,NA,mg/L,5.9,mg/L,20,30,NA,NA,NA,WOS_SOURCE_VERIFIED_KEEP,Supplementary WoS record; source verified and retained for quantitative augmentation,112.414,WOS_SOURCE_VERIFIED_ELEMENTAL_METAL_MASS,5.9,52.48456597932642,3.960519145030428,HARMONIZED,Reported metal-mass LC50 converted to umol/L using target-metal atomic weight,PENDING_COMBINED_SUPPORT_AUDIT,PENDING_COMBINED_SUPPORT_AUDIT,20,NA,NA,C,SOURCE_REPORTED_WOS,30,NA,NA,PSU/ppt as reported,SOURCE_REPORTED_WOS,NA,NA,NA,NA,NOT_EXTRACTED_WOS,NA,NA,NA,NA,NOT_EXTRACTED_WOS,WoS_supplemental,W_012,W_012_T01,W_012_T01_R01,A14,10.1016/j.cbpc.2019.04.014,Yi et al. (2019),Adult,Nominal; dissolved Cd checked,Results,Plain Cd arm retained; nZnO mixture arms excluded.,Adult,Adult,PRIMARY_STAGE_CONTRAST,3.960519145030428,Adult,6
NA,NA,NA,NA,Cu,CuCl2,Eurytemora affinis,Calanoida,Adult,4,Waterborne,Nominal,=,38,NA,NA,ug/L,38,ug/L,18,15,NA,NA,NA,WOS_SOURCE_VERIFIED_KEEP,Supplementary WoS record; source verified and retained for quantitative augmentation,63.546,WOS_SOURCE_VERIFIED_ELEMENTAL_METAL_MASS,0.038,0.5979920057910805,-0.5141778933632014,HARMONIZED,Reported metal-mass LC50 converted to umol/L using target-metal atomic weight,PENDING_COMBINED_SUPPORT_AUDIT,PENDING_COMBINED_SUPPORT_AUDIT,18,NA,NA,C,SOURCE_REPORTED_WOS,15,NA,NA,PSU/ppt as reported,SOURCE_REPORTED_WOS,NA,NA,NA,NA,NOT_EXTRACTED_WOS,NA,NA,NA,NA,NOT_EXTRACTED_WOS,WoS_supplemental,W_013,W_013_T02,W_013_T02_R02,A15,10.1016/j.chemosphere.2018.12.148,Zidour et al. (2019),Adult female,Nominal,Table 1 / Results,Source internal discrepancy: Table 1 gives 39; Abstract/Results/Table 3 give 38.,Adult female,Adult,PRIMARY_STAGE_CONTRAST,-0.5141778933632014,Adult,1
NA,NA,NA,NA,Cu,CuCl2,Eurytemora affinis,Calanoida,Adult,4,Waterborne,Nominal,=,25,NA,NA,ug/L,25,ug/L,18,15,NA,NA,NA,WOS_SOURCE_VERIFIED_KEEP,Supplementary WoS record; source verified and retained for quantitative augmentation,63.546,WOS_SOURCE_VERIFIED_ELEMENTAL_METAL_MASS,0.025,0.3934157932836056,-0.9328882282213864,HARMONIZED,Reported metal-mass LC50 converted to umol/L using target-metal atomic weight,PENDING_COMBINED_SUPPORT_AUDIT,PENDING_COMBINED_SUPPORT_AUDIT,18,NA,NA,C,SOURCE_REPORTED_WOS,15,NA,NA,PSU/ppt as reported,SOURCE_REPORTED_WOS,NA,NA,NA,NA,NOT_EXTRACTED_WOS,NA,NA,NA,NA,NOT_EXTRACTED_WOS,WoS_supplemental,W_013,W_013_T04,W_013_T04_R03,A15,10.1016/j.chemosphere.2018.12.148,Zidour et al. (2019),Adult male,Nominal,Table 1 / Results,Source internal discrepancy: Table 1 gives 28; Abstract/Results/Table 3 give 25.,Adult male,Adult,PRIMARY_STAGE_CONTRAST,-0.9328882282213864,Adult,1
