Estimand,Method,Baseline,Ratio,Lower,Upper
Cu / Cd,"Combined pooled
Cu-Cd-Zn LMM",TRUE,0.7332366283252216,0.3967487957016584,1.3551041841649927
Cu / Zn,"Combined pooled
Cu-Cd-Zn LMM",TRUE,0.23318715318664052,0.10288207817046952,0.5285298409426715
Cd / Zn,"Combined pooled
Cu-Cd-Zn LMM",TRUE,0.31802441964643935,0.1391454317792796,0.7268620334722008
Cu / Cd,Publication FE + Species RI,FALSE,0.613667693500378,0.3018430647646281,1.2476285924930248
Cu / Zn,Publication FE + Species RI,FALSE,0.45000469202792914,0.15210296079881627,1.331362793884071
Cd / Zn,Publication FE + Species RI,FALSE,0.7333035400007609,0.2618589559877898,2.05352564608377
Cu / Cd,Publication-only RI,FALSE,0.7628226514523608,0.3887847318583365,1.4967110328315034
Cu / Zn,Publication-only RI,FALSE,0.2531002005113336,0.10070676566335518,0.6361013689290497
Cd / Zn,Publication-only RI,FALSE,0.33179429062502075,0.13308264449762874,0.827211179240748
Cu / Cd,Cell collapse,FALSE,1.1417716364516097,0.4692622745176468,2.778067917659472
Cu / Zn,Cell collapse,FALSE,0.18230021519968193,0.06923805150605006,0.4799870553686277
Cd / Zn,Cell collapse,FALSE,0.15966434038091304,0.05537655451728938,0.46035189100312945
Cu / Cd,Complete-case,FALSE,0.6545730317783969,0.3493151661695539,1.226588180037936
Cu / Zn,Complete-case,FALSE,0.3019346399240215,0.113636497728122,0.802246889059902
Cd / Zn,Complete-case,FALSE,0.4612695990601706,0.16547393220661608,1.285819706946104
Cu / Cd,"Temperature +
salinity adjusted",FALSE,0.6406865638340289,0.3449326963699766,1.1900271484764464
Cu / Zn,"Temperature +
salinity adjusted",FALSE,0.3055713565671899,0.11633701980335934,0.8026151444496299
Cd / Zn,"Temperature +
salinity adjusted",FALSE,0.4769436005315522,0.17263274635843945,1.31768278548782
