Species,species_intercept
Acartia clausi,-0.9609110676097996
Acartia danae,-0.43069758664103897
Acartia tonsa,-1.08532644059259
Amphiascoides atopus,0.27687696573708676
Amphiascus tenuiremis,-0.1290573185312023
Calanoida,-0.3772474635754681
Eurytemora affinis,-0.14343017322884383
Gladioferens pectinatus,0.13748677866704884
Nitocra spinipes,0.9919636069399019
Oithona similis,-0.72923561084353
Paracyclopina nana,0.29328883551628504
Pseudodiaptomus annandalei,-0.24267587959567524
Pseudodiaptomus coronatus,-0.06054240929227366
Quinquelaophonte sp.,-0.16597277123457174
Robertgurneya hopkinsi,0.2593955149221097
Robertsonia propinqua,0.6688761207486157
Tigriopus brevicornis,-0.20210813556845178
Tigriopus californicus,0.21242106838767158
Tigriopus fulvus,-0.16367268693575404
Tigriopus japonicus,1.8665691723769182
Tisbe battagliai,-0.09170886279533332
Tisbe furcata,0.07570834314893392
