Source_Origin,Reference_ID,Test_ID,Result_ID,Species,Metal,LC50_umol_L,ln_LC50_umol_L,fitted,residual,abs_residual
ECOTOX,E_2977,E_T1047098,E_R115191,Tigriopus californicus,Cu,0.3,-1.203972804325936,1.2997130070720528,-2.5036858113979887,2.5036858113979887
ECOTOX,E_10443,E_T1129768,E_R85199,Eurytemora affinis,Cd,0.5337413489423025,-0.6278439226412825,0.8071085931645741,-1.4349525158058567,1.4349525158058567
ECOTOX,E_10900,E_T1134114,E_R107410,Eurytemora affinis,Cu,0.11802473798508167,-2.1368610325473223,-0.7186687098755641,-1.418192322671758,1.418192322671758
ECOTOX,E_10443,E_T1129769,E_R85200,Acartia tonsa,Cd,3.380361876634583,1.2179827678570485,-0.13478767419917204,1.3527704420562205,1.3527704420562205
ECOTOX,E_3735,E_T1053490,E_R5144,Eurytemora affinis,Cu,14.60359424668744,2.6812676796966133,1.3608172350644447,1.3204504446321685,1.3204504446321685
ECOTOX,E_169337,E_T2145455,E_R2274198,Nitocra spinipes,Cu,33.04692663582287,3.4979285706219274,2.2116255894421757,1.2863029811797517,1.2863029811797517
ECOTOX,E_169694,E_T2145987,E_R2276128,Tigriopus japonicus,Cu,515.3746892015233,6.244894187973811,4.990096730115496,1.2547974578583148,1.2547974578583148
ECOTOX,E_2977,E_T1047108,E_R115201,Tigriopus californicus,Cu,12,2.4849066497880004,1.2997130070720528,1.1851936427159475,1.1851936427159475
ECOTOX,E_111315,E_T1295986,E_R751250,Tigriopus japonicus,Cd,224.1713665557671,5.412410788636132,4.260293690593947,1.1521170980421847,1.1521170980421847
ECOTOX,E_8445,E_T1111945,E_R23785,Acartia tonsa,Cu,0.2675227394328518,-1.318550709033371,-0.181256281442724,-1.1372944275906471,1.1372944275906471
