Record,Fitted_log_LC50,Residual_log_LC50
E_R757363,2.2220129354114557,0.2369190562167165
E_R54724,2.4746024652889345,0.8691754255057345
E_R142865,0.4983843051409616,-0.17281154375234226
E_R142866,0.4983843051409616,-0.491265274870877
E_R23768,0.2007424921811667,0.3240930951159363
E_R23767,0.14654297154208518,-0.06471041167221184
E_R126283,0.7715563566963576,-0.08209878970470086
E_R23766,0.2007424921811667,0.4706965693078117
E_R107489,-0.30969822530431124,0.5826929299782622
E_R23765,0.2007424921811667,-0.4231213067142848
E_R23764,0.2007424921811667,0.8971519533078121
E_R23785,-0.2986719500871913,-1.0198787589461797
E_R700796,0.6580818698582118,0.0152626834055537
E_R107408,-0.7549131469335879,0.0403569130291892
E_R107407,-0.7549131469335879,0.024149102802335842
E_R107411,-0.7549131469335879,0.12064693120231695
E_R107409,-0.7549131469335879,-0.03995378339042388
E_R23784,-0.24447242944810998,0.1000415615909937
E_R23783,-0.24447242944810998,-0.4733044191563309
E_R23786,-0.24447242944810998,0.25159145971819463
E_R107410,-0.7549131469335879,-1.3819478856137344
E_R129448,3.1480364142781294,0.15779980228894663
E_R129447,2.528105604096956,0.14813997920156607
E_R129449,3.1826651615643806,0.953418686176402
E_R129446,2.1979833805986386,-0.7083188589141833
E_R2295509,-0.004163793846182262,-0.2355772538152588
E_R128159,0.10971271661525556,-0.021589902192083815
E_R2274198,2.3686798815221044,1.129248689099823
E_R770475,0.18156818439390454,0.311058661657881
E_R756507,2.2220129354114557,0.32695412104676747
E_R770477,0.11880309162511832,-0.20840148085683988
E_R181507,-1.3253272137818224,-0.5238517463137191
E_R770476,0.15875121013921595,-0.09690728017988473
E_R133693,3.3837104592873706,-0.07787424272029453
E_R2274200,3.5542518361151716,-0.9432467746850506
E_R133690,2.335501042620961,0.3407445406775613
E_R751247,5.284099268943414,-0.5024366575617947
E_R41944,3.6601744198820017,-0.5610719857634461
E_R133694,3.4183392065736213,0.7177446411671613
E_R133695,2.0053788191226434,-0.5013354122513709
E_R801239,3.3847345418647543,-0.12656741311651132
E_R801240,3.3847345418647543,0.33605610883160164
E_R2175506,2.2933379428994343,-0.5333830914750672
E_R2175507,2.2933379428994343,0.5295111145909632
E_R2175498,2.2933379428994343,-0.012086167841781403
E_R2175478,3.2713984102462206,0.1492876479997971
E_R2706689,3.902365953156732,0.28378794722885736
E_R731972,2.2237818049491436,0.16856401761409634
E_R5143,1.5074891531695531,-0.1979670114329639
E_R5144,1.5421179004558039,1.1391497792408094
E_R757396,2.2220129354114557,0.6952464380772163
E_R5141,0.45927973650314313,-0.7192234914821036
E_R159531,1.0856739808359088,-0.055654483633410745
E_R2283208,1.1475102254562248,0.17299639512566256
E_R2252278,1.4370400540624575,1.0958076205158827
E_R2033704,2.326304922873627,-0.11504087242274874
E_R171326,2.0467981526703407,0.7191434040753775
E_R756472,2.351851505373004,-0.7259632352399341
E_R171324,2.0467981526703407,-0.17753885641040146
E_R756465,2.2220129354114557,0.5785290046777933
E_R757358,2.351851505373004,-0.3433094866530695
E_R752112,4.0985273143503465,0.018440464677803803
E_R756473,2.351851505373004,0.1799381096576953
E_R756479,2.351851505373004,-0.5318997401033414
E_R769701,2.739344830252769,0.04036292225709648
E_R171323,2.0467981526703407,-0.4684624227863534
E_R2283209,1.8828599028747721,-0.17669080148089988
E_R171325,2.0467981526703407,0.4734707397011393
E_R756471,2.351851505373004,-0.4383082529383697
E_R756460,2.351851505373004,-0.1320037112307344
E_R2276128,5.379814368055862,0.8650798199179492
E_R2262926,1.9154461238598695,-0.2681175224889307
E_R2252281,1.8822549756917342,-0.9006609858989162
E_R2748533,-1.4559053950789054,-0.3218441106180374
E_R2748541,-1.079011682861899,-0.17744089920175776
E_R85199,0.7966426626464105,-1.424486585287693
E_R107520,0.022568324667534778,0.27252302728400635
E_R85200,-0.18803911831933084,1.4060218861763794
E_R142848,0.9478820128350907,0.1588751199117333
E_R142847,0.9478820128350907,0.46115599178466704
E_R186387,-1.0869154560900038,0.23384247564349014
E_R186385,-1.0869154560900038,-0.7788028225528962
E_R107519,-0.662677445708844,-0.6922152091680651
E_R166350,-0.10287624640314252,-0.20167717631899124
E_R189250,2.112371752413936,0.14737443987906929
E_R189249,2.112371752413936,0.5745762066428091
E_R54864,2.9198173869182114,-0.1464639278973383
E_R189247,1.0295335884612755,-0.45340470677662204
E_R107518,-0.39216040165793165,0.20257140994780445
E_R166349,-0.03294862543507826,0.6729908328633846
E_R186386,-1.0869154560900038,-0.24412598296472532
E_R751250,4.543742235979623,0.8686685526565086
E_R166348,-0.048676725764061124,-0.729990086611805
W_002_T01_R02,0.15010649424438094,-0.07989861699226292
W_002_T02_R02,0.15010649424438094,0.6060914091809335
W_002_T03_R03,0.36670073874782205,-0.5886352075726735
W_002_T04_R02,0.36670073874782205,-0.2388139945273914
W_007_T01_R01,2.3002186865444205,-0.03471526845490658
W_007_T02_R01,2.3002186865444205,-0.08350543262433874
W_007_T03_R01,2.3002186865444205,0.29948681963176726
W_009_T01_R01,-0.2528993670187887,-0.7729376488919573
W_009_T02_R01,-0.2528993670187887,0.3215304150301263
W_011_T02_R01,1.1548849188833423,0.06862943571123559
W_012_T01_R01,3.840046990368831,0.12047215466159678
W_013_T02_R02,-0.49526830003219224,-0.018909593331009167
W_013_T04_R03,-0.49526830003219224,-0.43761992818919415
