contrast,estimate,SE,df,lower.CL,upper.CL,t.ratio,p.value,LC50_ratio,ratio_lower,ratio_upper,removed_species,n_results,n_references,n_species,singular,convergence_clean
Cu - Cd,-0.31564598719129106,0.25885434913541333,112.17826742774103,-0.9304831697967069,0.2991911954141248,-1.2193961130866244,0.4442562175153889,0.7293175922413978,0.3943631199830384,1.3487674769782403,Acartia clausi,127,47,21,FALSE,TRUE
Cu - Zn,-1.413590694789614,0.34617957021829987,110.94190868139529,-2.2359678707995334,-0.5912135187796945,-4.08340299775116,2.464652891676078e-4,0.24326821113716174,0.10688862539240235,0.5536550061582247,Acartia clausi,127,47,21,FALSE,TRUE
Cd - Zn,-1.0979447075983229,0.3493750385948063,117.07925008791287,-1.9273228688841177,-0.2685665463125281,-3.1425963114430826,0.0059698081769872235,0.33355593465054123,0.14553729984749095,0.7644745481549088,Acartia clausi,127,47,21,FALSE,TRUE
Cu - Cd,-0.3227486319866805,0.2591906477661484,115.80498666139182,-0.9381259407918026,0.29262867681844146,-1.2452171201712359,0.42916677828065253,0.7241558611117614,0.39136058144066793,1.3399451453493367,Acartia danae,130,47,21,FALSE,TRUE
Cu - Zn,-1.4647748990647016,0.34347839656029905,108.94529956131588,-2.2809382082383123,-0.648611589891091,-4.264532831565011,1.260534173477268e-4,0.23113001320418866,0.10218828783312649,0.5227710937970217,Acartia danae,130,47,21,FALSE,TRUE
Cd - Zn,-1.142026267078021,0.34835610068095596,118.23408794310328,-1.9688817680172854,-0.3151707661387566,-3.278330033105844,0.003894165773145608,0.31917163916804586,0.13961288855579718,0.7296642616809984,Acartia danae,130,47,21,FALSE,TRUE
Cu - Cd,-0.04684164894044775,0.2980926512080454,100.69376480324249,-0.7559637474338355,0.6622804495529401,-0.15713788565608058,0.9864811884025493,0.9542384903032148,0.469557861411684,1.9392095654380221,Acartia tonsa,115,44,21,FALSE,TRUE
Cu - Zn,-1.2337945782188982,0.3501626660345952,102.31965696030053,-2.066586137455245,-0.4010030189825514,-3.5234897888771566,0.001832723641209455,0.2911855523075523,0.1266172987697632,0.6696480393791364,Acartia tonsa,115,44,21,FALSE,TRUE
Cd - Zn,-1.1869529292784504,0.3501723565079924,101.91210110860011,-2.0198165832501904,-0.3540892753067103,-3.389624872491496,0.002842146840366655,0.30514966150131545,0.13267979854588557,0.7018123100493279,Acartia tonsa,115,44,21,FALSE,TRUE
Cu - Cd,-0.32260962894963735,0.25962759653014483,115.0768148487427,-0.9390750494976949,0.2938557915984202,-1.2425860473279073,0.430702805249898,0.7242565279720862,0.39098931392016745,1.3415904211061986,Amphiascoides atopus,130,46,21,FALSE,TRUE
Cu - Zn,-1.4652341741749755,0.3460735009616127,110.16932586916548,-2.287437623542006,-0.6430307248079449,-4.233881444559093,1.4060852599662166e-4,0.23102388531470125,0.10152627738216119,0.5256967650355122,Amphiascoides atopus,130,46,21,FALSE,TRUE
Cd - Zn,-1.142624545225338,0.3490687823007959,118.45942473611366,-1.9711516031651621,-0.3140974872855141,-3.273350706683153,0.003954519807119139,0.31898074286132666,0.1392963496956765,0.7304478153135832,Amphiascoides atopus,130,46,21,FALSE,TRUE
Cu - Cd,-0.32474529176041395,0.2627248225254491,114.12086840742256,-0.94863318632599,0.2991426028051622,-1.2360662713130472,0.43449933739363544,0.7227114107518072,0.3872699877891522,1.3487019384400072,Amphiascus tenuiremis,129,45,21,FALSE,TRUE
Cu - Zn,-1.441638040458605,0.3483956513902082,109.85773049385145,-2.2693905565330343,-0.6138855243841759,-4.137933509520041,2.02289541108569e-4,0.23653997911365165,0.1033751622063822,0.5412437622819268,Amphiascus tenuiremis,129,45,21,FALSE,TRUE
Cd - Zn,-1.1168927486981912,0.351952279695677,117.36746519976718,-1.9523626270719334,-0.281422870324449,-3.1734209810032663,0.005424578972782701,0.3272952046897789,0.14193832778821963,0.7547091239003242,Amphiascus tenuiremis,129,45,21,FALSE,TRUE
Cu - Cd,-0.2935001565676215,0.2621318059902892,113.0781821964982,-0.9160555418238806,0.32905522868863757,-1.1196663276279202,0.5039921541277117,0.745649106119584,0.4000940870838491,1.3896546022696243,Calanoida,128,46,21,FALSE,TRUE
Cu - Zn,-1.443709994516944,0.34850647684282715,108.26321742163037,-2.2718930012751013,-0.615526987758787,-4.142562880310665,2.0059864139043704e-4,0.23605038652579385,0.10311679498493549,0.5403560592347432,Calanoida,128,46,21,FALSE,TRUE
Cd - Zn,-1.1502098379493226,0.3518228181807228,116.59889556066457,-1.985442989391152,-0.31497668650749333,-3.2692872051251887,0.004021502174094804,0.3165703339392686,0.13731976944011867,0.7298058883948371,Calanoida,128,46,21,FALSE,TRUE
Cu - Cd,-0.22082601405584437,0.2648801449509347,92.21771614247898,-0.8518078314685793,0.4101558033568906,-0.8336827741345024,0.683147545548177,0.8018561798588911,0.42664293581431845,1.5070525706717108,Eurytemora affinis,108,42,21,FALSE,TRUE
Cu - Zn,-1.1978863020543935,0.3328927743297065,92.44327011302896,-1.9908521363912528,-0.4049204677175341,-3.5984148483438476,0.0014873443139312714,0.3018315187990025,0.1365789919146539,0.6670298591560919,Eurytemora affinis,108,42,21,FALSE,TRUE
Cd - Zn,-0.9770602879985492,0.3338675274167323,96.86856177171818,-1.7717555949840098,-0.18236498101308862,-2.926490921589346,0.011789181589251907,0.3764160286849921,0.17003421542389646,0.8332971472697365,Eurytemora affinis,108,42,21,FALSE,TRUE
Cu - Cd,-0.3185863694809875,0.2598018613750962,115.01751852652292,-0.9354697279325692,0.2982969889705942,-1.226266693374531,0.4401781000489996,0.7271762694062733,0.3924015002886885,1.3475619394895264,Gladioferens pectinatus,130,46,21,FALSE,TRUE
Cu - Zn,-1.4568121542536792,0.3464745281002131,110.31388129648823,-2.2799536239069846,-0.6336706846003739,-4.204673175375004,1.5695047794916928e-4,0.23297778943959271,0.10228895036741728,0.5306404081495874,Gladioferens pectinatus,130,46,21,FALSE,TRUE
Cd - Zn,-1.1382257847726915,0.34939362327300877,118.49366077417707,-1.9675208205229002,-0.30893074902248296,-3.257717682738892,0.004155461204913613,0.32038695326212313,0.13980302371930126,0.7342316145227571,Gladioferens pectinatus,130,46,21,FALSE,TRUE
Cu - Cd,-0.4728726569226632,0.2766674159202209,105.74689717637133,-1.1305566080122615,0.1848112941669351,-1.7091736493430059,0.20652139984915807,0.6232094275311366,0.3228535035540855,1.2029914072114836,Nitocra spinipes,119,43,21,FALSE,TRUE
Cu - Zn,-1.8367130242555059,0.4581096383282043,61.75371210006361,-2.9368595470682557,-0.736566501442756,-4.009330672365436,4.8355382949460957e-4,0.15934031402350413,0.05303201203692848,0.47875490101015233,Nitocra spinipes,119,43,21,FALSE,TRUE
Cd - Zn,-1.3638403673328425,0.47985683066673795,69.93035284215084,-2.5129117360949387,-0.2147689985707466,-2.842181834606485,0.015981769704786042,0.25567699554022427,0.08103195174567734,0.8067277739236122,Nitocra spinipes,119,43,21,FALSE,TRUE
Cu - Cd,-0.32768923080956114,0.2584221049801925,116.05001384151656,-0.9412250089356037,0.2858465473164814,-1.2680387029378843,0.4160797456716674,0.720586921126787,0.3901496057472894,1.3308882112143205,Oithona similis,130,47,21,FALSE,TRUE
Cu - Zn,-1.4708065949919824,0.34182462409845016,108.47534739332806,-2.2830889000646604,-0.6585242899193042,-4.3028105387994815,1.0921536322394676e-4,0.22974010321597843,0.10196874848310092,0.5176146202719714,Oithona similis,130,47,21,FALSE,TRUE
Cd - Zn,-1.1431173641824213,0.34696932916706985,118.1658245047914,-1.9666872896193461,-0.3195474387454965,-3.2945775551014096,0.0036979953389938425,0.3188235818334479,0.1399196024392148,0.72647773836598994,Oithona similis,130,47,21,FALSE,TRUE
Cu - Cd,-0.44035745473878957,0.26382728942427647,114.5127117493596,-1.0668350818472707,0.18612017236969164,-1.669112606583409,0.22150557012847227,0.6438062483530895,0.34409583102370067,1.204567007351888,Paracyclopina nana,129,46,21,FALSE,TRUE
Cu - Zn,-1.4939252928495717,0.3444305222266895,110.96801241365776,-2.3121448537185465,-0.675705731980597,-4.3373777770668465,9.40871868794213e-5,0.224489735858978,0.09904857885258524,0.5087972194031973,Paracyclopina nana,129,46,21,FALSE,TRUE
Cd - Zn,-1.053567838110782,0.3474992056914511,117.72520487581339,-1.8784347993521864,-0.22870087686937768,-3.031856824001659,0.008345471969786522,0.34869145248782785,0.15282912689849013,0.7955664702503272,Paracyclopina nana,129,46,21,FALSE,TRUE
Cu - Cd,-0.347843540764709,0.26041911852276384,111.34544023301268,-0.96645949796537,0.27077241643595196,-1.3357066206884622,0.37852185470524025,0.7062093605475185,0.3804275611098342,1.3109766796863198,Pseudodiaptomus annandalei,127,46,21,FALSE,TRUE
Cu - Zn,-1.4504570390873652,0.34552463231365854,108.13067715937171,-2.2715680573319212,-0.6293460208428091,-4.19783975855787,1.631333274886293e-4,0.23446310479874768,0.10315030760747297,0.5329402188606358,Pseudodiaptomus annandalei,127,46,21,FALSE,TRUE
Cd - Zn,-1.1026134983226563,0.35026716513128503,115.21247780258837,-1.9342826762186314,-0.2709443204266814,-3.1479213814100486,0.005893071729001997,0.3320022615063758,0.14452790495206183,0.7626589597483504,Pseudodiaptomus annandalei,127,46,21,FALSE,TRUE
Cu - Cd,-0.30884321456302977,0.2615696724957959,113.7570927172412,-0.9300141956690132,0.3123277665429537,-1.1807302108695101,0.4670727519821446,0.7342958879032746,0.3945481094574752,1.366602546221991,Pseudodiaptomus coronatus,128,47,21,FALSE,TRUE
Cu - Zn,-1.4575930876533463,0.34806584198068385,109.34802489389979,-2.2846148484528284,-0.630571326853864,-4.187693567857303,1.6828586493566888e-4,0.23279592032551435,0.10181326809340456,0.5322876039150924,Pseudodiaptomus coronatus,128,47,21,FALSE,TRUE
Cd - Zn,-1.1487498730903165,0.35201442166498254,116.83487244497135,-1.9844161088547052,-0.3130836373259277,-3.263360255687476,0.004095775457011452,0.3170328530508937,0.13746085286413964,0.7311887553391591,Pseudodiaptomus coronatus,128,47,21,FALSE,TRUE
Cu - Cd,-0.3114703130613853,0.2605682736357755,113.60144312471773,-0.9302744092252143,0.30733378310244375,-1.1953501042754002,0.4583840429776953,0.7323693519866444,0.3944454560473046,1.359794768848885,Quinquelaophonte sp.,128,47,21,FALSE,TRUE
Cu - Zn,-1.470021659412242,0.35033509542563807,110.50043152669924,-2.302315744425124,-0.63772757439936,-4.196044525959484,1.6198400630784704e-4,0.22992050518978735,0.10002693848465047,0.5284920193257653,Quinquelaophonte sp.,128,47,21,FALSE,TRUE
Cd - Zn,-1.1585513463508565,0.35379988821175895,117.26051501779119,-1.9984169289200366,-0.31868576378167635,-3.2745950039911595,0.003948756188715374,0.31394064288203616,0.13554969828195287,0.7271039958213489,Quinquelaophonte sp.,128,47,21,FALSE,TRUE
Cu - Cd,-0.31604074270291743,0.25907370254097656,115.49761095802991,-0.9311616727066983,0.29908018730086344,-1.219887389585327,0.44389403317486764,0.7290297469201359,0.39409563421373484,1.3486177611553818,Robertgurneya hopkinsi,130,47,21,FALSE,TRUE
Cu - Zn,-1.454410092764576,0.3449737307494441,110.29340057567069,-2.2739881004369322,-0.6348320850922199,-4.216002446345459,1.5037470872492076e-4,0.23353808908311396,0.10290098122874353,0.5300244798575128,Robertgurneya hopkinsi,130,47,21,FALSE,TRUE
Cd - Zn,-1.1383693500616585,0.34897603259438736,118.53775032172557,-1.9666693108615068,-0.31006938926181027,-3.2620273134481357,0.004098697176354027,0.3203409601181853,0.1399221180424777,0.7333960646471048,Robertgurneya hopkinsi,130,47,21,FALSE,TRUE
Cu - Cd,-0.309077686925729,0.26041363167842285,113.75628436247594,-0.9275033811210419,0.3093480072695839,-1.1868721500240047,0.4634138185968266,0.7341237359947387,0.3955399912851528,1.3625364605985988,Robertsonia propinqua,128,46,21,FALSE,TRUE
Cu - Zn,-1.3941937399360336,0.35224054750860623,107.88679962715075,-2.231290935316142,-0.5570965445559254,-3.9580728277796284,3.963413072236577e-4,0.2480329348212246,0.10738970744811697,0.5728699539083116,Robertsonia propinqua,128,46,21,FALSE,TRUE
Cd - Zn,-1.0851160530103046,0.3550899514594884,115.23401137157913,-1.9282343251987992,-0.2419977808218099,-3.0558906230668246,0.007796677764150717,0.33786257365066613,0.14540470939090688,0.7850579197333099,Robertsonia propinqua,128,46,21,FALSE,TRUE
Cu - Cd,-0.41881129995829347,0.26095609526079977,109.3667326971075,-1.03885450726633,0.20123190734974306,-1.6049109699458564,0.24790257437455887,0.6578283157872998,0.3538597937106322,1.2229083403734355,Tigriopus brevicornis,123,44,21,FALSE,TRUE
Cu - Zn,-1.5643426761395764,0.34372533566238606,99.13060315570651,-2.382211767619755,-0.7464735846593978,-4.551141605913232,4.48484776018887e-5,0.20922549689398504,0.09234610334783798,0.47403525393645984,Tigriopus brevicornis,123,44,21,FALSE,TRUE
Cd - Zn,-1.145531376181283,0.35139495487165606,110.32844946020342,-1.980361110577944,-0.31070164178462234,-3.2599539643353115,0.004199926509428131,0.31805486609918954,0.1380193880499006,0.7329325196891873,Tigriopus brevicornis,123,44,21,FALSE,TRUE
Cu - Cd,-0.3458378776580737,0.24741171061490064,97.90872098736443,-0.9346475240982336,0.24297176878208615,-1.397823396469598,0.3459960034486719,0.7076271999863626,0.3927242669786469,1.2750326278863882,Tigriopus californicus,118,46,21,FALSE,TRUE
Cu - Zn,-1.404014576848859,0.3349044874323552,104.57880586000843,-2.2002643070317056,-0.6077648466660122,-4.192283560047684,1.7024493017803177e-4,0.24560896600294221,0.11077387617835756,0.5445666998589708,Tigriopus californicus,118,46,21,FALSE,TRUE
Cd - Zn,-1.0581766991907853,0.3352771147093743,106.11728979713078,-1.855145919210706,-0.2612074791708646,-3.156125642837378,0.005854354740377543,0.3470880797228761,0.15643011485059652,0.7701211189467729,Tigriopus californicus,118,46,21,FALSE,TRUE
Cu - Cd,-0.30252511328544035,0.2640763319740051,111.08391667587556,-0.9298486155709487,0.324798389000068,-1.1455972257113145,0.48824874777519134,0.7389499305653905,0.39461344418104605,1.3837516383047321,Tigriopus fulvus,126,44,21,FALSE,TRUE
Cu - Zn,-1.4095265849542848,0.3612920884301628,111.41215478139368,-2.267755591788604,-0.5512975781199657,-3.9013491579037,4.7861101201140954e-4,0.24425889162022682,0.10354431519394457,0.5762016584279931,Tigriopus fulvus,126,44,21,FALSE,TRUE
Cd - Zn,-1.1070014716688445,0.3604206194477732,115.24414979419525,-1.9627757888702133,-0.2512271544674759,-3.071415484954669,0.007440336025941741,0.33054863599938056,0.14046796983956195,0.7778456603725891,Tigriopus fulvus,126,44,21,FALSE,TRUE
Cu - Cd,-0.14950259885947406,0.27313987926865085,98.35640625497373,-0.7994965920885458,0.5004913943695978,-0.5473481179671627,0.8480715582220772,0.861136200044821,0.44955521681652505,1.649531642139261,Tigriopus japonicus,111,38,21,FALSE,TRUE
Cu - Zn,-1.856705839694491,0.3716808567047713,79.43614035652716,-2.744437335798176,-0.9689743435908064,-4.995430370440858,1.0137730897419317e-5,0.1561862865359948,0.06428446133559737,0.3794720465114275,Tigriopus japonicus,111,38,21,FALSE,TRUE
Cd - Zn,-1.707203240835017,0.37394123555936054,90.43102341535467,-2.5982718887342857,-0.8161345929357486,-4.565431887396143,4.630103731828594e-5,0.18137233869376934,0.0744020421896424,0.44213739670477564,Tigriopus japonicus,111,38,21,FALSE,TRUE
Cu - Cd,-0.20580173491999423,0.2787148861010393,113.57677295686372,-0.8677027683250533,0.4560992984850649,-0.7383952030656422,0.7412179709255857,0.8139944469594578,0.4199150843247517,1.5779070207642398,Tisbe battagliai,127,46,21,FALSE,TRUE
Cu - Zn,-1.4102046930956196,0.35102503953030517,106.7691784668839,-2.2445351518816263,-0.5758742343096128,-4.017390596928832,3.2121219644110077e-4,0.24409331382339658,0.10597679203775681,0.562213147875431,Tisbe battagliai,127,46,21,FALSE,TRUE
Cd - Zn,-1.2044029581756253,0.3560452381940388,115.53188491829843,-2.049760974883718,-0.35904494146753296,-3.3827245219868534,0.0027994716557129262,0.2998709815959642,0.12876567814090292,0.6983429660885916,Tisbe battagliai,127,46,21,FALSE,TRUE
Cu - Cd,-0.3166126556124767,0.2598459040372796,115.00405055107504,-0.9336015361738916,0.3003762249489382,-1.2184631379336766,0.4447385863472645,0.7286129246008136,0.39313526673241966,1.3503667536819646,Tisbe furcata,130,46,21,FALSE,TRUE
Cu - Zn,-1.4534403464851746,0.3465759603232387,110.35415027510788,-2.276818694057211,-0.6300619989131383,-4.193713681495982,1.6355431635450834e-4,0.23376467162213124,0.10261012221379624,0.5325587819176728,Tisbe furcata,130,46,21,FALSE,TRUE
Cd - Zn,-1.136827690872698,0.34947470625521887,118.5051582873076,-1.9663141572305762,-0.3073412245148196,-3.2529612888278123,0.004218438264058766,0.3208351975779242,0.13997182071626807,0.7353996217104445,Tisbe furcata,130,46,21,FALSE,TRUE
