Scope,Metal,Comparison,Reference_ID,Series,Mean_log_ratio,Ratio_B_over_A
ALL_DURATIONS,Ag,Copepodid vs Nauplii,E_18833,1,0.4255174970988473,1.5303821831179547
ALL_DURATIONS,Ag,Adult vs Nauplii,E_18833,1,1.3378173738769548,3.8107170513200366
ALL_DURATIONS,Ag,Adult vs Copepodid,E_18833,1,0.9122998767781076,2.4900427444575945
ALL_DURATIONS,Cd,Copepodid vs Nauplii,E_19281,1,0.5346768395881706,1.706896551724138
ALL_DURATIONS,Cd,Copepodid vs Nauplii,W_009,1,1.0944680639220836,2.987593052109182
ALL_DURATIONS,Cd,Adult vs Nauplii,E_14137,1,-0.3022808718729335,0.7391304347826088
ALL_DURATIONS,Cd,Nauplius_5d vs Nauplius_1d,E_11097,1,0.18064853846525422,1.1979940564635956
ALL_DURATIONS,Cd,Copepodid_10d vs Nauplius_1d,E_11097,1,0.5205478968974968,1.6829494799405644
ALL_DURATIONS,Cd,Adult_ovigerous_band vs Nauplius_1d,E_11097,1,0.5320693937445057,1.7024517087667164
ALL_DURATIONS,Cd,Adult_ovigerous_sac vs Nauplius_1d,E_11097,1,0.48299007583874776,1.62091381872214
ALL_DURATIONS,Cd,Copepodid_10d vs Nauplius_5d,E_11097,1,0.3398993584322425,1.4048062015503877
ALL_DURATIONS,Cd,Adult_ovigerous_band vs Nauplius_5d,E_11097,1,0.3514208552792515,1.42108527131783
ALL_DURATIONS,Cd,Adult_ovigerous_sac vs Nauplius_5d,E_11097,1,0.30234153737349345,1.3530232558139539
ALL_DURATIONS,Cd,Adult_ovigerous_band vs Copepodid_10d,E_11097,1,0.011521496847008915,1.0115881249310232
ALL_DURATIONS,Cd,Adult_ovigerous_sac vs Copepodid_10d,E_11097,1,-0.03755782105874897,0.9631387264098888
ALL_DURATIONS,Cd,Adult_ovigerous_sac vs Adult_ovigerous_band,E_11097,1,-0.049079317905757994,0.9521056076805586
ALL_DURATIONS,Cu,Nauplii vs Egg,E_2977,1,-0.6244416599689461,0.5355603698493012
ALL_DURATIONS,Cu,Copepodid vs Egg,E_2977,1,0.5890615236601165,1.8022962091245562
ALL_DURATIONS,Cu,Adult vs Egg,E_2977,1,1.2039728043259361,3.333333333333334
ALL_DURATIONS,Cu,Copepodid vs Nauplii,E_18833,1,0.290923566375952,1.3376623376623378
ALL_DURATIONS,Cu,Copepodid vs Nauplii,E_2977,1,1.2135031836290626,3.36525312661147
ALL_DURATIONS,Cu,Adult vs Nauplii,E_14137,1,0.3184537311185346,1.375
ALL_DURATIONS,Cu,Adult vs Nauplii,E_18833,1,1.0647694946746118,2.9001704022845045
ALL_DURATIONS,Cu,Adult vs Nauplii,E_2977,1,1.8284144642948823,6.224010440263316
ALL_DURATIONS,Cu,Adult vs Copepodid,E_18833,1,0.7738459282986597,2.168088553164144
ALL_DURATIONS,Cu,Adult vs Copepodid,E_2977,1,0.6149112806658196,1.8494925065355714
ALL_DURATIONS,Cu,Nauplius_5d vs Nauplius_1d,E_11097,1,0.083317953189324,1.0868873329089752
ALL_DURATIONS,Cu,Copepodid_10d vs Nauplius_1d,E_11097,1,0.5207696522504134,1.683322724379376
ALL_DURATIONS,Cu,Adult_ovigerous_band vs Nauplius_1d,E_11097,1,0.3531997846172818,1.4236155315085934
ALL_DURATIONS,Cu,Adult_ovigerous_sac vs Nauplius_1d,E_11097,1,0.30932708732937964,1.3625079567154679
ALL_DURATIONS,Cu,Copepodid_10d vs Nauplius_5d,E_11097,1,0.43745169906108944,1.5487554904831624
ALL_DURATIONS,Cu,Adult_ovigerous_band vs Nauplius_5d,E_11097,1,0.2698818314279578,1.3098096632503662
ALL_DURATIONS,Cu,Adult_ovigerous_sac vs Nauplius_5d,E_11097,1,0.2260091341400557,1.2535871156661786
ALL_DURATIONS,Cu,Adult_ovigerous_band vs Copepodid_10d,E_11097,1,-0.16756986763313153,0.8457175269427115
ALL_DURATIONS,Cu,Adult_ovigerous_sac vs Copepodid_10d,E_11097,1,-0.21144256492103372,0.8094157685762905
ALL_DURATIONS,Cu,Adult_ovigerous_sac vs Adult_ovigerous_band,E_11097,1,-0.0438726972879021,0.9570757880617035
ALL_DURATIONS,Zn,Adult vs Nauplii,E_111830,1,0.46262352194811296,1.588235294117647
96H,Ag,Copepodid vs Nauplii,E_18833,1,0.4255174970988473,1.5303821831179547
96H,Ag,Adult vs Nauplii,E_18833,1,1.3378173738769548,3.8107170513200366
96H,Ag,Adult vs Copepodid,E_18833,1,0.9122998767781076,2.4900427444575945
96H,Cd,Copepodid vs Nauplii,E_19281,1,0.5346768395881706,1.706896551724138
96H,Cd,Copepodid vs Nauplii,W_009,1,1.0944680639220836,2.987593052109182
96H,Cd,Adult vs Nauplii,E_14137,1,-0.3022808718729335,0.7391304347826088
96H,Cu,Nauplii vs Egg,E_2977,1,-0.6244416599689461,0.5355603698493012
96H,Cu,Copepodid vs Egg,E_2977,1,0.5890615236601165,1.8022962091245562
96H,Cu,Adult vs Egg,E_2977,1,1.2039728043259361,3.333333333333334
96H,Cu,Copepodid vs Nauplii,E_18833,1,0.290923566375952,1.3376623376623378
96H,Cu,Copepodid vs Nauplii,E_2977,1,1.2135031836290626,3.36525312661147
96H,Cu,Adult vs Nauplii,E_14137,1,0.3184537311185346,1.375
96H,Cu,Adult vs Nauplii,E_18833,1,1.0647694946746118,2.9001704022845045
96H,Cu,Adult vs Nauplii,E_2977,1,1.8284144642948823,6.224010440263316
96H,Cu,Adult vs Copepodid,E_18833,1,0.7738459282986597,2.168088553164144
96H,Cu,Adult vs Copepodid,E_2977,1,0.6149112806658196,1.8494925065355714
96H,Zn,Adult vs Nauplii,E_111830,1,0.46262352194811296,1.588235294117647
