Reference_ID,Duration_days,n_metals,Metals,Results,Species,Tests,Source_Origins
E_2183,4,5,Cd | Cu | Hg | Ni | Zn,5,1,5,ECOTOX
E_111315,4,3,Cd | Cu | Zn,3,1,3,ECOTOX
E_166028,2,3,Cd | Cu | Hg,3,1,3,ECOTOX
E_3734,4,3,Hg | Ni | Zn,10,4,10,ECOTOX
E_5563,1,3,Cd | Cu | Zn,9,3,9,ECOTOX
E_8445,4,3,Cd | Cu | Hg,12,1,12,ECOTOX
W_013,3,3,Cd | Cu | Ni,5,1,5,WoS_supplemental
E_10900,4,2,Cd | Cu,6,1,6,ECOTOX
E_11097,2,2,Cd | Cu,10,1,10,ECOTOX
E_14137,4,2,Cd | Cu,4,1,4,ECOTOX
E_153073,4,2,Cd | Cu,2,1,2,ECOTOX
E_15726,2,2,Cd | Cu,2,1,2,ECOTOX
E_169337,4,2,Cu | Zn,2,1,2,ECOTOX
E_18833,4,2,Ag | Cu,8,1,8,ECOTOX
E_192310,4,2,Cd | Pb,4,2,4,ECOTOX
E_2332,4,2,Cd | Zn,5,1,5,ECOTOX
E_3751,4,2,Ag | Pb,4,2,4,ECOTOX
E_3825,4,2,Ag | Pb,4,2,4,ECOTOX
E_6045,1,2,Cu | Hg,10,6,10,ECOTOX
E_6079,2,2,Cu | Hg,4,1,4,ECOTOX
W_013,2,2,Cd | Cu,2,1,2,WoS_supplemental
W_013,4,2,Cu | Ni,4,1,4,WoS_supplemental
