"Subset","Pair","n_contexts","n_references","n_varying_references","r_equal_reference","r_equal_context","spearman_context","total_log_covariance","between_reference_covariance","within_reference_covariance","between_over_total_covariance","r_within_centered","bootstrap_low","bootstrap_high","bootstrap_valid","Status","Figure_group","Display_note"
"approved_ledger","Cu-Cd",21,10,5,0.708554239934469,0.739694500149064,0.622279993846149,1.57702562021996,1.53917122734479,0.0378543928751755,0.975996336147097,0.513534101085547,0.0942146893242078,0.918399005469748,20000,"EXPLORATORY_DESCRIPTIVE","Core metals","Exploratory association"
"approved_ledger","Cu-Zn",6,4,1,0.441306477862408,0.45611969609386,0.371428571428571,0.421196933935282,0.418853323040333,0.00234361089494877,0.994435831065882,0.996581143260965,-0.999999999999905,0.999999999999998,19759,"EXPLORATORY_DESCRIPTIVE","Core metals","Exploratory association"
"approved_ledger","Cu-Hg",6,4,1,0.958899773656174,0.967253389693668,0.942857142857143,1.42716667954606,1.4142243666265,0.0129423129195599,0.990931463643983,0.936180767748299,0.928724555344731,1,19762,"EXPLORATORY_DESCRIPTIVE","Additional metals","Exploratory association"
"approved_ledger","Cu-Ni",4,2,1,0.990326188094569,0.980851566761738,0.4,3.91520636605282,3.91244207864323,0.00276428740958791,0.999293961249768,0.0675890157630381,,,0,"EXPLORATORY_DESCRIPTIVE","Limited support","Only two publications"
"approved_ledger","Cu-Ag",0,0,0,,,,,,,,,,,0,"NO_VERIFIED_PAIR","No matched pair","No correlation available"
"approved_ledger","Cu-Pb",0,0,0,,,,,,,,,,,0,"NO_VERIFIED_PAIR","No matched pair","No correlation available"
"approved_ledger","Cd-Zn",7,4,2,0.904026773284763,0.843520141132553,0.630656223886891,0.922135776809729,0.901293300742713,0.0208424760670159,0.977397606088852,0.379922320844143,-0.295004067936227,1,19857,"EXPLORATORY_DESCRIPTIVE","Core metals","Exploratory association"
"approved_ledger","Cd-Hg",5,3,1,0.932222721135601,0.956520371822759,0.9,1.37452775420309,1.3514187372622,0.023109016940895,0.983187668004352,0.999980934823634,-1,0.999980934823651,18552,"EXPLORATORY_DESCRIPTIVE","Additional metals","Exploratory association"
"approved_ledger","Cd-Ni",2,2,0,1,1,1,3.47363785027809,3.47363785027809,0,1,,,,0,"TWO_CONTEXTS_CORRELATION_DEGENERATE","Limited support","Two contexts: correlation not informative"
"approved_ledger","Cd-Ag",0,0,0,,,,,,,,,,,0,"NO_VERIFIED_PAIR","No matched pair","No correlation available"
"approved_ledger","Cd-Pb",2,1,1,1,1,1,0.0903338732127464,0,0.0903338732127464,0,1,,,0,"ONE_REFERENCE_DESCRIPTIVE","Limited support","One publication: descriptive only"
"approved_ledger","Zn-Hg",1,1,0,,,,0,0,0,,,,,0,"ONE_CONTEXT_NO_CORRELATION","Single context: table only","One context: no correlation"
"approved_ledger","Zn-Ni",1,1,0,,,,0,0,0,,,,,0,"ONE_CONTEXT_NO_CORRELATION","Single context: table only","One context: no correlation"
"approved_ledger","Zn-Ag",0,0,0,,,,,,,,,,,0,"NO_VERIFIED_PAIR","No matched pair","No correlation available"
"approved_ledger","Zn-Pb",0,0,0,,,,,,,,,,,0,"NO_VERIFIED_PAIR","No matched pair","No correlation available"
"approved_ledger","Hg-Ni",1,1,0,,,,0,0,0,,,,,0,"ONE_CONTEXT_NO_CORRELATION","Single context: table only","One context: no correlation"
"approved_ledger","Hg-Ag",0,0,0,,,,,,,,,,,0,"NO_VERIFIED_PAIR","No matched pair","No correlation available"
"approved_ledger","Hg-Pb",0,0,0,,,,,,,,,,,0,"NO_VERIFIED_PAIR","No matched pair","No correlation available"
"approved_ledger","Ni-Ag",0,0,0,,,,,,,,,,,0,"NO_VERIFIED_PAIR","No matched pair","No correlation available"
"approved_ledger","Ni-Pb",0,0,0,,,,,,,,,,,0,"NO_VERIFIED_PAIR","No matched pair","No correlation available"
"approved_ledger","Ag-Pb",0,0,0,,,,,,,,,,,0,"NO_VERIFIED_PAIR","No matched pair","No correlation available"
