Species,Metal,Records
Acartia clausi,Cu,1
Acartia clausi,Cd,1
Acartia clausi,Zn,2
Acartia danae,Cd,1
Acartia tonsa,Cu,5
Acartia tonsa,Cd,9
Acartia tonsa,Zn,2
Amphiascoides atopus,Cu,1
Amphiascus tenuiremis,Cu,1
Amphiascus tenuiremis,Cd,1
Calanoida,Cu,3
Eurytemora affinis,Cu,12
Eurytemora affinis,Cd,9
Eurytemora affinis,Zn,2
Gladioferens pectinatus,Cu,1
Nitocra spinipes,Cu,3
Nitocra spinipes,Cd,3
Nitocra spinipes,Zn,6
Oithona similis,Cd,1
Paracyclopina nana,Cu,1
Paracyclopina nana,Cd,1
Pseudodiaptomus annandalei,Cd,4
Pseudodiaptomus coronatus,Cu,1
Pseudodiaptomus coronatus,Zn,2
Quinquelaophonte sp.,Zn,3
Robertgurneya hopkinsi,Cu,1
Robertsonia propinqua,Zn,3
Tigriopus brevicornis,Cu,4
Tigriopus brevicornis,Cd,3
Tigriopus brevicornis,Zn,1
Tigriopus californicus,Cu,13
Tigriopus fulvus,Cu,2
Tigriopus fulvus,Zn,3
Tigriopus japonicus,Cu,15
Tigriopus japonicus,Cd,2
Tigriopus japonicus,Zn,3
Tisbe battagliai,Cu,2
Tisbe battagliai,Cd,2
Tisbe furcata,Cu,1
