path,mode,md5
RUN_REVISION.R,text_lf,f8123e5502c78706d21275333c4c84d0
data/curated/ecotox/ecotox_working_master_harmonized.xlsx,binary,c52696065fca3aef2f77cabdf88a7857
data/curated/source_verification/OBrien_1988_source_review_20261007.csv,text_lf,0265d14c4f5c8f05115a55e92d2c3d24
data/curated/source_verification/combined_source_adjudication_rows.csv,text_lf,a40168641f79583dafd2d7442043e090
data/curated/source_verification/combined_source_verified_rows_used.csv,text_lf,70d906c5de6bb30ecdb97ae58a6c457e
data/curated/wos/wos_source_verified_records.xlsx,binary,ee3d910f328293d8f1b5f30d63262558
data/raw/ecotox/ecotox_raw_export.xlsx,binary,bb846178991a4015ca2dd969996c1193
scripts/00_run_core_pipeline.R,text_lf,7de0fcc8c6883acc7880a9f6dd9aa13d
scripts/analysis/01_prepare_ecotox_data.R,text_lf,534abbb24e5b5fca021876fbc337a8fd
scripts/analysis/02_integrate_wos_verified_records.R,text_lf,d5240ade8ffc8781acd30610fba82c31
scripts/analysis/03_audit_metal_support.R,text_lf,937531c0d5a8a440cf6922d7cca97196
scripts/analysis/04_fit_pooled_metal_model.R,text_lf,8b1fd591594430db9f7340407a6b14bf
scripts/analysis/05_compare_metals_within_references.R,text_lf,ca6002724d8c02bb2c956eb480ae6ac5
scripts/analysis/06_compare_exposure_duration.R,text_lf,f2e1cf8db457bc0df216c71b2802eaa1
scripts/analysis/07_assess_salinity_temperature.R,text_lf,5a4b5dd70ebc3cdccc7c33d56ddaf923
scripts/analysis/08_assess_ph_evidence.R,text_lf,6e18c237e1bd843cd26d0ecce134acc0
scripts/analysis/09_compare_stages_within_references.R,text_lf,dca1ff430a31e2bda13df4c501b2f7f5
scripts/analysis/10_audit_stage_support.R,text_lf,13d8ec9d65269232e7794543b61f77dd
scripts/analysis/11_fit_stage_model.R,text_lf,86685179cedd8ca911b42710f405f31d
scripts/analysis/12_audit_order_support.R,text_lf,644ddaa137a019803f2e29ab7c6099f0
scripts/analysis/13_fit_order_model.R,text_lf,3bc80e04ce5a38dc272bc854bd999c0c
scripts/analysis/14_analyze_metal_covariance.R,text_lf,cfa0f2cc55e661a84f6c4510d8dd9ed9
scripts/analysis/15_audit_sex_specific_evidence.R,text_lf,a470eae6f06f98d2c2a1da39c639c41b
scripts/check_repository_before_release.R,text_lf,54a377f58611d8124b0160602e5b7e05
scripts/database_audits/envirotox/01_screen_envirotox_records.R,text_lf,39084b5e0096c60cb06f460487496b3b
scripts/database_audits/envirotox/02_check_envirotox_ecotox_overlap.R,text_lf,1fdd65993c3a5cb575abd22afa1b93bb
scripts/database_audits/envirotox/03_prepare_envirotox_manual_review.R,text_lf,2b71606c827817e9746d2f747ce9d5ce
scripts/database_audits/wos/01_screen_wos_records.R,text_lf,0e8e85a08fcb5f80f0559275a0498e4b
scripts/database_audits/wos/02_check_wos_ecotox_overlap.R,text_lf,60013cf970e8af850621a5810ac32df3
scripts/database_audits/wos/03_prepare_wos_unique_reference_review.R,text_lf,8fca385356acb9efa8bb736379f72ed8
scripts/figures/01_make_main_thesis_figures.R,text_lf,d545832f859086d4c3dd1f3891af0bbb
scripts/helpers/reporting_checks.R,text_lf,f222a0d05763466c55e1aab328cb469f
scripts/run_revision_checked.R,text_lf,48643716de9240b7301d21aadda95839
tests/test_reporting_helpers.R,text_lf,6e66846f0b779e0a6e1b7bd8d1968076
